days_ahead,n_forecasts,rmse,sample
1,14,0.06690878652528084,Full sample
4,12,0.068526150726077,Full sample
5,15,0.08020806277010693,Full sample
6,15,0.08035338615557344,Full sample
7,14,0.08275393818855006,Full sample
8,15,0.08247221754425366,Full sample
11,14,0.07244456008365517,Full sample
12,15,0.08653515663205077,Full sample
13,15,0.08645808232895394,Full sample
14,15,0.08751190395216749,Full sample
15,16,0.08491723912139379,Full sample
18,13,0.07855669192470986,Full sample
19,16,0.08657547285461326,Full sample
20,16,0.08438194415868702,Full sample
21,16,0.07817248556877415,Full sample
22,15,0.08308630051538811,Full sample
25,13,0.07006864765796195,Full sample
26,14,0.07763237542601577,Full sample
27,16,0.0798827265433528,Full sample
28,16,0.08225341938181155,Full sample
29,14,0.08147085368400167,Full sample
32,10,0.06612488185244551,Full sample
33,14,0.08770893422484012,Full sample
34,15,0.08460693430998092,Full sample
35,16,0.0823768019529785,Full sample
36,13,0.08891439270876922,Full sample
39,11,0.06941312425025843,Full sample
40,16,0.08377798040058104,Full sample
41,15,0.08273451516749106,Full sample
42,14,0.08794275735629711,Full sample
43,13,0.10710347261482099,Full sample
46,12,0.10051948401512512,Full sample
47,15,0.11488399946612904,Full sample
48,14,0.11333420868009465,Full sample
49,14,0.1229692179833185,Full sample
50,15,0.11568635759385672,Full sample
53,14,0.11162756955929205,Full sample
54,14,0.11177145048203214,Full sample
55,14,0.11235307866593705,Full sample
56,15,0.11039323650779932,Full sample
57,16,0.11390785749894597,Full sample
60,14,0.0982435021479049,Full sample
61,15,0.1122497216032177,Full sample
62,16,0.10970842036963148,Full sample
63,16,0.10896530411098801,Full sample
64,16,0.10955877418080397,Full sample
67,11,0.095286648878767935,Full sample
68,15,0.12064410470470763,Full sample
69,15,0.11847643928928263,Full sample
70,16,0.12523103648856534,Full sample
71,16,0.13048587088263816,Full sample
74,12,0.11289744608862243,Full sample
75,15,0.12063719713808517,Full sample
76,15,0.13378465283183094,Full sample
77,16,0.13453624047073695,Full sample
78,13,0.1350712062922034,Full sample
81,11,0.10766108438479388,Full sample
82,15,0.1465207607587869,Full sample
83,16,0.15475282711472718,Full sample
84,15,0.1643826835973538,Full sample
85,14,0.17743207956044257,Full sample
88,13,0.15081190526357963,Full sample
89,16,0.17187386363260773,Full sample
90,14,0.20609463845525272,Full sample
91,15,0.17480465287476468,Full sample
92,13,0.20316722933810732,Full sample
95,13,0.14165233713350867,Full sample
96,14,0.16899387140198124,Full sample
97,14,0.16827379899607783,Full sample
98,14,0.16117315444665828,Full sample
99,14,0.13982131454109736,Full sample
102,13,0.09140989678787201,Full sample
103,15,0.14778926438231815,Full sample
104,15,0.16033818426480367,Full sample
105,16,0.16953981833186169,Full sample
106,16,0.17135945407242645,Full sample
109,13,0.11067103018892077,Full sample
110,15,0.16500000000000165,Full sample
111,15,0.17011760637864823,Full sample
112,16,0.16425019025864113,Full sample
113,15,0.15959323293924516,Full sample
116,12,0.1136606792166916,Full sample
117,16,0.1846406983847302,Full sample
118,16,0.1914908614007495,Full sample
119,15,0.19435791725576881,Full sample
120,16,0.18545552027373333,Full sample
123,13,0.15051194688079292,Full sample
124,16,0.19795438237129534,Full sample
125,15,0.226851640211541,Full sample
126,16,0.21363666586052021,Full sample
127,14,0.24310491562286515,Full sample
130,13,0.15940996976832586,Full sample
131,14,0.20272254085678004,Full sample
132,16,0.18808658245606058,Full sample
133,14,0.19095156453928497,Full sample
134,12,0.18115946014492493,Full sample
137,13,0.11421134255944551,Full sample
138,15,0.17716282529545285,Full sample
139,14,0.18746428231227974,Full sample
140,15,0.18304826321674575,Full sample
141,14,0.1989526146024293,Full sample
144,13,0.12940693121372515,Full sample
145,13,0.22064154710229195,Full sample
146,14,0.18672936872077128,Full sample
147,15,0.18259244234086247,Full sample
148,15,0.18486481547336378,Full sample
151,14,0.14311583719890342,Full sample
152,16,0.20078751206188272,Full sample
153,15,0.21156953151781338,Full sample
154,16,0.20988091861815505,Full sample
155,16,0.22219431248346655,Full sample
158,14,0.17015224275420635,Full sample
159,15,0.20586808073780397,Full sample
160,14,0.21218253597181083,Full sample
161,15,0.25085520391918165,Full sample
162,15,0.2122223676555645,Full sample
165,14,0.1539538428045431,Full sample
166,16,0.24324627438051288,Full sample
167,16,0.246503676443172,Full sample
168,16,0.25424520644448845,Full sample
169,15,0.234936161541812,Full sample
172,15,0.217136669711345,Full sample
173,14,0.2449161664150194,Full sample
174,15,0.27424745516898924,Full sample
175,14,0.24167939211159248,Full sample
176,13,0.27022070751375077,Full sample
179,12,0.20106487344469973,Full sample
180,15,0.24103595858986143,Full sample
181,15,0.24559451676832356,Full sample
182,16,0.22547172771768964,Full sample
183,13,0.2441114184453162,Full sample
186,14,0.23933688152297591,Full sample
187,15,0.28015769368934856,Full sample
188,14,0.2942362995960907,Full sample
189,15,0.2790997432221461,Full sample
190,14,0.25410206048526773,Full sample
193,15,0.223207676092617,Full sample
194,13,0.21481655859396648,Full sample
195,14,0.26403124815066964,Full sample
196,16,0.2798269554564052,Full sample
197,15,0.23178653972998733,Full sample
200,15,0.21379507322044253,Full sample
201,16,0.25560284133788647,Full sample
202,16,0.25506126714967947,Full sample
203,14,0.276705748817352,Full sample
204,15,0.266886367829706,Full sample
207,15,0.27350502737609605,Full sample
208,14,0.26729464747994647,Full sample
209,14,0.312798428932848,Full sample
210,14,0.25840513595072795,Full sample
211,14,0.27983094386228535,Full sample
214,15,0.24635340468522146,Full sample
215,15,0.23605790250134367,Full sample
216,13,0.24029228996242147,Full sample
217,15,0.24604538876665308,Full sample
218,13,0.24381187577562788,Full sample
221,14,0.2515487740266032,Full sample
222,14,0.2790833208918084,Full sample
223,14,0.2722656266012497,Full sample
224,13,0.2751153604189732,Full sample
225,14,0.27866710811084033,Full sample
228,14,0.28131070773384076,Full sample
229,13,0.24061219995925312,Full sample
230,14,0.2907871091660425,Full sample
231,16,0.2824253219879535,Full sample
232,13,0.225316017389594,Full sample
235,15,0.24004860618910898,Full sample
236,16,0.2929057015491522,Full sample
237,16,0.27287245188915776,Full sample
238,16,0.2699044969984757,Full sample
239,15,0.29042784531331434,Full sample
242,16,0.26430332952878316,Full sample
243,15,0.24738296896378004,Full sample
244,15,0.3013276179398974,Full sample
245,14,0.2633845640340926,Full sample
246,15,0.27549349659595795,Full sample
249,15,0.2497298540423233,Full sample
250,15,0.2280752799698673,Full sample
251,14,0.20663978319771867,Full sample
252,15,0.23325951213187535,Full sample
253,14,0.22216869394995342,Full sample
256,14,0.21643210746757816,Full sample
257,15,0.2442266706702339,Full sample
258,15,0.2417540072056729,Full sample
259,13,0.26941889032051686,Full sample
260,16,0.24466175630858197,Full sample
263,15,0.23965948065258447,Full sample
264,16,0.27210407016433946,Full sample
265,16,0.26945546941934545,Full sample
266,16,0.2823672254352481,Full sample
267,14,0.2831708217414252,Full sample
270,16,0.3045257583522299,Full sample
271,15,0.317700068198503,Full sample
272,15,0.3239753077010666,Full sample
273,15,0.3022498966087499,Full sample
274,13,0.29844790809478683,Full sample
277,15,0.33844004885159185,Full sample
278,13,0.33842679017431887,Full sample
279,15,0.3113385081654157,Full sample
280,16,0.3078529478501064,Full sample
281,15,0.3195569850068477,Full sample
284,16,0.31224239382249225,Full sample
285,15,0.32449447863818376,Full sample
286,15,0.2835548153943666,Full sample
287,16,0.2844347464709597,Full sample
288,15,0.2974754891863648,Full sample
291,15,0.28542366171476835,Full sample
292,15,0.2933456436810788,Full sample
293,14,0.3305055651141589,Full sample
294,11,0.38120323856298666,Full sample
295,14,0.3642457961322267,Full sample
298,15,0.35653891793182946,Full sample
299,15,0.3615268546963932,Full sample
300,14,0.37326503414368506,Full sample
301,15,0.38431324029581343,Full sample
302,15,0.37719137494557453,Full sample
305,15,0.3941531005417394,Full sample
306,14,0.4097996025934061,Full sample
307,14,0.4127218018402771,Full sample
308,15,0.3895510236156479,Full sample
309,14,0.38720841564054026,Full sample
312,14,0.4355620342893599,Full sample
313,14,0.4594056719595134,Full sample
314,14,0.45497645150993504,Full sample
315,15,0.4309234270726059,Full sample
316,14,0.451973845640273,Full sample
319,16,0.4262628297189423,Full sample
320,14,0.4140220836070061,Full sample
321,15,0.4417106896299131,Full sample
322,16,0.4523048612385235,Full sample
323,13,0.4333456605741676,Full sample
326,15,0.4569007915656667,Full sample
327,16,0.41373111739389296,Full sample
328,14,0.4142570802912477,Full sample
329,16,0.3792509063931164,Full sample
330,15,0.32842046221269516,Full sample
333,15,0.31022572427186046,Full sample
334,15,0.30460630328343546,Full sample
335,15,0.33038866001524236,Full sample
336,14,0.3544286146139198,Full sample
337,14,0.363379475008074,Full sample
340,15,0.35089409608408445,Full sample
341,15,0.36167895524438076,Full sample
342,13,0.40079968140629135,Full sample
343,13,0.4200366284394364,Full sample
344,14,0.3752784680359758,Full sample
347,14,0.40948355976068984,Full sample
348,14,0.4216400800954023,Full sample
349,13,0.4059035504989984,Full sample
350,14,0.3588125256612829,Full sample
351,14,0.3617911789179742,Full sample
354,16,0.3890513301609451,Full sample
355,15,0.42725675340868924,Full sample
356,16,0.4322687242908053,Full sample
357,16,0.43136773755115254,Full sample
358,15,0.46142171600391774,Full sample
361,15,0.44407018964723655,Full sample
362,15,0.43766806295791427,Full sample
363,14,0.4784648068861202,Full sample
364,16,0.45680274736476756,Full sample
365,15,0.464965948574015,Full sample
368,15,0.4920298093950543,Full sample
369,14,0.3888765871070146,Full sample
370,16,0.41974880881307974,Full sample
371,15,0.42800506227535695,Full sample
372,15,0.39658962837337586,Full sample
375,16,0.38921194418979593,Full sample
376,16,0.40854352583292786,Full sample
377,15,0.4107696029000513,Full sample
378,13,0.3620082871979593,Full sample
379,14,0.42047804427138097,Full sample
382,14,0.43655714729820166,Full sample
383,15,0.3982628947483479,Full sample
384,13,0.394105608649801,Full sample
385,14,0.4270914923727032,Full sample
386,13,0.45216147558145736,Full sample
389,15,0.43659859520311417,Full sample
390,13,0.4630293228793974,Full sample
391,14,0.4426664335914476,Full sample
392,15,0.4393517952620654,Full sample
393,14,0.4382778798890039,Full sample
396,14,0.4608086835739352,Full sample
397,14,0.47527999266597765,Full sample
398,15,0.46031873015697855,Full sample
399,15,0.450116651547129,Full sample
400,16,0.47114886182606963,Full sample
403,15,0.4733849737088546,Full sample
404,15,0.48671860453448873,Full sample
405,16,0.5039717253973678,Full sample
406,16,0.5134838118188348,Full sample
407,16,0.5381086669995199,Full sample
410,16,0.5131352769981813,Full sample
411,15,0.4685438435550435,Full sample
412,15,0.5182583011073407,Full sample
413,14,0.5317961478397001,Full sample
414,14,0.5057208433795969,Full sample
417,15,0.5522559792946277,Full sample
418,15,0.5225418643515561,Full sample
419,16,0.5109045287526831,Full sample
420,14,0.46699839400152127,Full sample
421,13,0.4981523554403509,Full sample
424,16,0.46528385153581286,Full sample
425,15,0.4571906969015598,Full sample
426,14,0.451038484262389,Full sample
427,15,0.49175027537697735,Full sample
428,15,0.49751381890355634,Full sample
431,13,0.4789993576356705,Full sample
432,13,0.5005957988698606,Full sample
433,15,0.4692280895257661,Full sample
434,14,0.4960666717863054,Full sample
435,14,0.4909302394434472,Full sample
438,15,0.4848883032891867,Full sample
439,15,0.4862698153631721,Full sample
440,14,0.48962449168433475,Full sample
441,15,0.45907878771876814,Full sample
442,15,0.46153186961104536,Full sample
445,14,0.49200936402238815,Full sample
446,14,0.5061302768486172,Full sample
447,15,0.5268601965101053,Full sample
448,15,0.5517759207021152,Full sample
449,16,0.5477724778591938,Full sample
452,16,0.541930865055682,Full sample
453,15,0.5405090193512045,Full sample
454,16,0.5584590965325926,Full sample
455,16,0.5693485861052083,Full sample
456,14,0.5913694759985992,Full sample
459,16,0.5837419699661831,Full sample
460,15,0.501073846852937,Full sample
461,14,0.545222759193761,Full sample
462,13,0.5350916528250806,Full sample
463,12,0.538545494828431,Full sample
466,14,0.5223538756710546,Full sample
467,15,0.5095291944530761,Full sample
468,15,0.4986063911878121,Full sample
469,14,0.44405195963664224,Full sample
470,14,0.5096024360785009,Full sample
473,15,0.4671883988285662,Full sample
474,16,0.46273136105088003,Full sample
475,14,0.4305996649192521,Full sample
476,15,0.48259886724552786,Full sample
477,15,0.49729099462320103,Full sample
480,15,0.49762268169099083,Full sample
481,14,0.5170469030948741,Full sample
482,15,0.5106286974570331,Full sample
483,15,0.518714757839026,Full sample
484,15,0.5200817243472409,Full sample
487,15,0.5546440299868012,Full sample
488,15,0.5589931424743353,Full sample
489,15,0.5351308251259684,Full sample
490,15,0.4865045392045856,Full sample
491,16,0.4891159116201403,Full sample
494,15,0.4961367419035471,Full sample
495,15,0.5191804439049422,Full sample
496,15,0.5424819505445927,Full sample
497,15,0.550040907569609,Full sample
498,15,0.5922077338231913,Full sample
501,15,0.5725061862838977,Full sample
502,14,0.5294319732370855,Full sample
503,16,0.5790145183844697,Full sample
504,15,0.5582114294781144,Full sample
505,12,0.5611520887127357,Full sample
508,15,0.566937680290641,Full sample
509,15,0.5068497476241516,Full sample
510,14,0.5643184891024365,Full sample
511,11,0.5050652523099451,Full sample
512,12,0.5912997688708039,Full sample
515,13,0.5677946060111738,Full sample
516,13,0.5482366838678903,Full sample
517,12,0.5020520391353871,Full sample
518,12,0.5466831806448773,Full sample
519,11,0.5736149326064404,Full sample
522,10,0.5721691183557536,Full sample
523,9,0.5176120383281506,Full sample
524,7,0.5445017381580555,Full sample
525,7,0.5732831511814827,Full sample
526,7,0.5715205283152255,Full sample
529,6,0.6261888692718831,Full sample
530,5,0.7157932662438229,Full sample
531,5,0.7364034220452804,Full sample
532,3,0.790189850605536,Full sample
533,3,0.7962882643867111,Full sample
536,3,0.8030826026422605,Full sample
537,1,1.2999999999999998,Full sample
538,1,1.2199999999999998,Full sample
539,1,1.0949999999999998,Full sample
1,14,0.06690878652528084,Starting in 2001
4,12,0.068526150726077,Starting in 2001
5,15,0.08020806277010693,Starting in 2001
6,15,0.08035338615557344,Starting in 2001
7,14,0.08275393818855006,Starting in 2001
8,15,0.08247221754425366,Starting in 2001
11,14,0.07244456008365517,Starting in 2001
12,15,0.08653515663205077,Starting in 2001
13,15,0.08645808232895394,Starting in 2001
14,15,0.08751190395216749,Starting in 2001
15,16,0.08491723912139379,Starting in 2001
18,13,0.07855669192470986,Starting in 2001
19,16,0.08657547285461326,Starting in 2001
20,16,0.08438194415868702,Starting in 2001
21,16,0.07817248556877415,Starting in 2001
22,15,0.08308630051538811,Starting in 2001
25,13,0.07006864765796195,Starting in 2001
26,14,0.07763237542601577,Starting in 2001
27,16,0.0798827265433528,Starting in 2001
28,16,0.08225341938181155,Starting in 2001
29,14,0.08147085368400167,Starting in 2001
32,10,0.06612488185244551,Starting in 2001
33,14,0.08770893422484012,Starting in 2001
34,15,0.08460693430998092,Starting in 2001
35,16,0.0823768019529785,Starting in 2001
36,13,0.08891439270876922,Starting in 2001
39,11,0.06941312425025843,Starting in 2001
40,16,0.08377798040058104,Starting in 2001
41,15,0.08273451516749106,Starting in 2001
42,14,0.08794275735629711,Starting in 2001
43,13,0.10710347261482099,Starting in 2001
46,12,0.10051948401512512,Starting in 2001
47,15,0.11488399946612904,Starting in 2001
48,14,0.11333420868009465,Starting in 2001
49,14,0.1229692179833185,Starting in 2001
50,15,0.11568635759385672,Starting in 2001
53,14,0.11162756955929205,Starting in 2001
54,14,0.11177145048203214,Starting in 2001
55,14,0.11235307866593705,Starting in 2001
56,15,0.11039323650779932,Starting in 2001
57,16,0.11390785749894597,Starting in 2001
60,14,0.0982435021479049,Starting in 2001
61,15,0.1122497216032177,Starting in 2001
62,16,0.10970842036963148,Starting in 2001
63,16,0.10896530411098801,Starting in 2001
64,16,0.10955877418080397,Starting in 2001
67,11,0.095286648878767935,Starting in 2001
68,15,0.12064410470470763,Starting in 2001
69,15,0.11847643928928263,Starting in 2001
70,16,0.12523103648856534,Starting in 2001
71,16,0.13048587088263816,Starting in 2001
74,12,0.11289744608862243,Starting in 2001
75,15,0.12063719713808517,Starting in 2001
76,15,0.13378465283183094,Starting in 2001
77,16,0.13453624047073695,Starting in 2001
78,13,0.1350712062922034,Starting in 2001
81,11,0.10766108438479388,Starting in 2001
82,15,0.1465207607587869,Starting in 2001
83,16,0.15475282711472718,Starting in 2001
84,15,0.1643826835973538,Starting in 2001
85,14,0.17743207956044257,Starting in 2001
88,13,0.15081190526357963,Starting in 2001
89,16,0.17187386363260773,Starting in 2001
90,14,0.20609463845525272,Starting in 2001
91,15,0.17480465287476468,Starting in 2001
92,13,0.20316722933810732,Starting in 2001
95,13,0.14165233713350867,Starting in 2001
96,14,0.16899387140198124,Starting in 2001
97,14,0.16827379899607783,Starting in 2001
98,14,0.16117315444665828,Starting in 2001
99,14,0.13982131454109736,Starting in 2001
102,13,0.09140989678787201,Starting in 2001
103,15,0.14778926438231815,Starting in 2001
104,15,0.16033818426480367,Starting in 2001
105,16,0.16953981833186169,Starting in 2001
106,16,0.17135945407242645,Starting in 2001
109,13,0.11067103018892077,Starting in 2001
110,15,0.16500000000000165,Starting in 2001
111,15,0.17011760637864823,Starting in 2001
112,16,0.16425019025864113,Starting in 2001
113,15,0.15959323293924516,Starting in 2001
116,12,0.1136606792166916,Starting in 2001
117,16,0.1846406983847302,Starting in 2001
118,16,0.1914908614007495,Starting in 2001
119,15,0.19435791725576881,Starting in 2001
120,16,0.18545552027373333,Starting in 2001
123,13,0.15051194688079292,Starting in 2001
124,16,0.19795438237129534,Starting in 2001
125,15,0.226851640211541,Starting in 2001
126,16,0.21363666586052021,Starting in 2001
127,14,0.24310491562286515,Starting in 2001
130,13,0.15940996976832586,Starting in 2001
131,14,0.20272254085678004,Starting in 2001
132,16,0.18808658245606058,Starting in 2001
133,14,0.19095156453928497,Starting in 2001
134,12,0.18115946014492493,Starting in 2001
137,13,0.11421134255944551,Starting in 2001
138,15,0.17716282529545285,Starting in 2001
139,14,0.18746428231227974,Starting in 2001
140,15,0.18304826321674575,Starting in 2001
141,14,0.1989526146024293,Starting in 2001
144,13,0.12940693121372515,Starting in 2001
145,13,0.22064154710229195,Starting in 2001
146,14,0.18672936872077128,Starting in 2001
147,15,0.18259244234086247,Starting in 2001
148,15,0.18486481547336378,Starting in 2001
151,14,0.14311583719890342,Starting in 2001
152,16,0.20078751206188272,Starting in 2001
153,15,0.21156953151781338,Starting in 2001
154,16,0.20988091861815505,Starting in 2001
155,16,0.22219431248346655,Starting in 2001
158,14,0.17015224275420635,Starting in 2001
159,15,0.20586808073780397,Starting in 2001
160,14,0.21218253597181083,Starting in 2001
161,15,0.25085520391918165,Starting in 2001
162,15,0.2122223676555645,Starting in 2001
165,14,0.1539538428045431,Starting in 2001
166,16,0.24324627438051288,Starting in 2001
167,16,0.246503676443172,Starting in 2001
168,16,0.25424520644448845,Starting in 2001
169,15,0.234936161541812,Starting in 2001
172,15,0.217136669711345,Starting in 2001
173,14,0.2449161664150194,Starting in 2001
174,15,0.27424745516898924,Starting in 2001
175,14,0.24167939211159248,Starting in 2001
176,13,0.27022070751375077,Starting in 2001
179,12,0.20106487344469973,Starting in 2001
180,15,0.24103595858986143,Starting in 2001
181,15,0.24559451676832356,Starting in 2001
182,16,0.22547172771768964,Starting in 2001
183,13,0.2441114184453162,Starting in 2001
186,14,0.23933688152297591,Starting in 2001
187,15,0.28015769368934856,Starting in 2001
188,14,0.2942362995960907,Starting in 2001
189,15,0.2790997432221461,Starting in 2001
190,14,0.25410206048526773,Starting in 2001
193,15,0.223207676092617,Starting in 2001
194,13,0.21481655859396648,Starting in 2001
195,14,0.26403124815066964,Starting in 2001
196,16,0.2798269554564052,Starting in 2001
197,15,0.23178653972998733,Starting in 2001
200,15,0.21379507322044253,Starting in 2001
201,16,0.25560284133788647,Starting in 2001
202,16,0.25506126714967947,Starting in 2001
203,14,0.276705748817352,Starting in 2001
204,15,0.266886367829706,Starting in 2001
207,15,0.27350502737609605,Starting in 2001
208,14,0.26729464747994647,Starting in 2001
209,14,0.312798428932848,Starting in 2001
210,14,0.25840513595072795,Starting in 2001
211,14,0.27983094386228535,Starting in 2001
214,15,0.24635340468522146,Starting in 2001
215,15,0.23605790250134367,Starting in 2001
216,13,0.24029228996242147,Starting in 2001
217,15,0.24604538876665308,Starting in 2001
218,13,0.24381187577562788,Starting in 2001
221,14,0.2515487740266032,Starting in 2001
222,14,0.2790833208918084,Starting in 2001
223,14,0.2722656266012497,Starting in 2001
224,13,0.2751153604189732,Starting in 2001
225,14,0.27866710811084033,Starting in 2001
228,14,0.28131070773384076,Starting in 2001
229,13,0.24061219995925312,Starting in 2001
230,14,0.2907871091660425,Starting in 2001
231,16,0.2824253219879535,Starting in 2001
232,13,0.225316017389594,Starting in 2001
235,15,0.24004860618910898,Starting in 2001
236,16,0.2929057015491522,Starting in 2001
237,16,0.27287245188915776,Starting in 2001
238,16,0.2699044969984757,Starting in 2001
239,15,0.29042784531331434,Starting in 2001
242,16,0.26430332952878316,Starting in 2001
243,15,0.24738296896378004,Starting in 2001
244,15,0.3013276179398974,Starting in 2001
245,14,0.2633845640340926,Starting in 2001
246,15,0.27549349659595795,Starting in 2001
249,15,0.2497298540423233,Starting in 2001
250,15,0.2280752799698673,Starting in 2001
251,14,0.20663978319771867,Starting in 2001
252,15,0.23325951213187535,Starting in 2001
253,14,0.22216869394995342,Starting in 2001
256,14,0.21643210746757816,Starting in 2001
257,15,0.2442266706702339,Starting in 2001
258,15,0.2417540072056729,Starting in 2001
259,13,0.26941889032051686,Starting in 2001
260,16,0.24466175630858197,Starting in 2001
263,15,0.23965948065258447,Starting in 2001
264,16,0.27210407016433946,Starting in 2001
265,16,0.26945546941934545,Starting in 2001
266,16,0.2823672254352481,Starting in 2001
267,14,0.2831708217414252,Starting in 2001
270,16,0.3045257583522299,Starting in 2001
271,15,0.317700068198503,Starting in 2001
272,15,0.3239753077010666,Starting in 2001
273,15,0.3022498966087499,Starting in 2001
274,13,0.29844790809478683,Starting in 2001
277,15,0.33844004885159185,Starting in 2001
278,13,0.33842679017431887,Starting in 2001
279,15,0.3113385081654157,Starting in 2001
280,16,0.3078529478501064,Starting in 2001
281,15,0.3195569850068477,Starting in 2001
284,16,0.31224239382249225,Starting in 2001
285,15,0.32449447863818376,Starting in 2001
286,15,0.2835548153943666,Starting in 2001
287,16,0.2844347464709597,Starting in 2001
288,15,0.2974754891863648,Starting in 2001
291,15,0.28542366171476835,Starting in 2001
292,15,0.2933456436810788,Starting in 2001
293,14,0.3305055651141589,Starting in 2001
294,11,0.38120323856298666,Starting in 2001
295,14,0.3642457961322267,Starting in 2001
298,15,0.35653891793182946,Starting in 2001
299,15,0.3615268546963932,Starting in 2001
300,14,0.37326503414368506,Starting in 2001
301,15,0.38431324029581343,Starting in 2001
302,15,0.37719137494557453,Starting in 2001
305,15,0.3941531005417394,Starting in 2001
306,14,0.4097996025934061,Starting in 2001
307,14,0.4127218018402771,Starting in 2001
308,15,0.3895510236156479,Starting in 2001
309,14,0.38720841564054026,Starting in 2001
312,14,0.4355620342893599,Starting in 2001
313,14,0.4594056719595134,Starting in 2001
314,14,0.45497645150993504,Starting in 2001
315,15,0.4309234270726059,Starting in 2001
316,14,0.451973845640273,Starting in 2001
319,16,0.4262628297189423,Starting in 2001
320,14,0.4140220836070061,Starting in 2001
321,15,0.4417106896299131,Starting in 2001
322,16,0.4523048612385235,Starting in 2001
323,13,0.4333456605741676,Starting in 2001
326,15,0.4569007915656667,Starting in 2001
327,16,0.41373111739389296,Starting in 2001
328,14,0.4142570802912477,Starting in 2001
329,16,0.3792509063931164,Starting in 2001
330,15,0.32842046221269516,Starting in 2001
333,15,0.31022572427186046,Starting in 2001
334,15,0.30460630328343546,Starting in 2001
335,15,0.33038866001524236,Starting in 2001
336,14,0.3544286146139198,Starting in 2001
337,14,0.363379475008074,Starting in 2001
340,15,0.35089409608408445,Starting in 2001
341,15,0.36167895524438076,Starting in 2001
342,13,0.40079968140629135,Starting in 2001
343,13,0.4200366284394364,Starting in 2001
344,14,0.3752784680359758,Starting in 2001
347,14,0.40948355976068984,Starting in 2001
348,14,0.4216400800954023,Starting in 2001
349,13,0.4059035504989984,Starting in 2001
350,14,0.3588125256612829,Starting in 2001
351,14,0.3617911789179742,Starting in 2001
354,16,0.3890513301609451,Starting in 2001
355,15,0.42725675340868924,Starting in 2001
356,16,0.4322687242908053,Starting in 2001
357,16,0.43136773755115254,Starting in 2001
358,15,0.46142171600391774,Starting in 2001
361,15,0.44407018964723655,Starting in 2001
362,15,0.43766806295791427,Starting in 2001
363,14,0.4784648068861202,Starting in 2001
364,16,0.45680274736476756,Starting in 2001
365,15,0.464965948574015,Starting in 2001
368,15,0.4920298093950543,Starting in 2001
369,14,0.3888765871070146,Starting in 2001
370,16,0.41974880881307974,Starting in 2001
371,15,0.42800506227535695,Starting in 2001
372,15,0.39658962837337586,Starting in 2001
375,16,0.38921194418979593,Starting in 2001
376,16,0.40854352583292786,Starting in 2001
377,15,0.4107696029000513,Starting in 2001
378,13,0.3620082871979593,Starting in 2001
379,14,0.42047804427138097,Starting in 2001
382,14,0.43655714729820166,Starting in 2001
383,15,0.3982628947483479,Starting in 2001
384,13,0.394105608649801,Starting in 2001
385,14,0.4270914923727032,Starting in 2001
386,13,0.45216147558145736,Starting in 2001
389,15,0.43659859520311417,Starting in 2001
390,13,0.4630293228793974,Starting in 2001
391,14,0.4426664335914476,Starting in 2001
392,15,0.4393517952620654,Starting in 2001
393,14,0.4382778798890039,Starting in 2001
396,14,0.4608086835739352,Starting in 2001
397,14,0.47527999266597765,Starting in 2001
398,15,0.46031873015697855,Starting in 2001
399,15,0.450116651547129,Starting in 2001
400,16,0.47114886182606963,Starting in 2001
403,15,0.4733849737088546,Starting in 2001
404,15,0.48671860453448873,Starting in 2001
405,16,0.5039717253973678,Starting in 2001
406,16,0.5134838118188348,Starting in 2001
407,16,0.5381086669995199,Starting in 2001
410,16,0.5131352769981813,Starting in 2001
411,15,0.4685438435550435,Starting in 2001
412,15,0.5182583011073407,Starting in 2001
413,14,0.5317961478397001,Starting in 2001
414,14,0.5057208433795969,Starting in 2001
417,15,0.5522559792946277,Starting in 2001
418,15,0.5225418643515561,Starting in 2001
419,16,0.5109045287526831,Starting in 2001
420,14,0.46699839400152127,Starting in 2001
421,13,0.4981523554403509,Starting in 2001
424,16,0.46528385153581286,Starting in 2001
425,15,0.4571906969015598,Starting in 2001
426,14,0.451038484262389,Starting in 2001
427,15,0.49175027537697735,Starting in 2001
428,15,0.49751381890355634,Starting in 2001
431,13,0.4789993576356705,Starting in 2001
432,13,0.5005957988698606,Starting in 2001
433,15,0.4692280895257661,Starting in 2001
434,14,0.4960666717863054,Starting in 2001
435,14,0.4909302394434472,Starting in 2001
438,15,0.4848883032891867,Starting in 2001
439,15,0.4862698153631721,Starting in 2001
440,14,0.48962449168433475,Starting in 2001
441,15,0.45907878771876814,Starting in 2001
442,15,0.46153186961104536,Starting in 2001
445,14,0.49200936402238815,Starting in 2001
446,14,0.5061302768486172,Starting in 2001
447,15,0.5268601965101053,Starting in 2001
448,15,0.5517759207021152,Starting in 2001
449,16,0.5477724778591938,Starting in 2001
452,16,0.541930865055682,Starting in 2001
453,15,0.5405090193512045,Starting in 2001
454,16,0.5584590965325926,Starting in 2001
455,16,0.5693485861052083,Starting in 2001
456,14,0.5913694759985992,Starting in 2001
459,16,0.5837419699661831,Starting in 2001
460,15,0.501073846852937,Starting in 2001
461,14,0.545222759193761,Starting in 2001
462,13,0.5350916528250806,Starting in 2001
463,12,0.538545494828431,Starting in 2001
466,14,0.5223538756710546,Starting in 2001
467,15,0.5095291944530761,Starting in 2001
468,15,0.4986063911878121,Starting in 2001
469,14,0.44405195963664224,Starting in 2001
470,14,0.5096024360785009,Starting in 2001
473,15,0.4671883988285662,Starting in 2001
474,16,0.46273136105088003,Starting in 2001
475,14,0.4305996649192521,Starting in 2001
476,15,0.48259886724552786,Starting in 2001
477,15,0.49729099462320103,Starting in 2001
480,15,0.49762268169099083,Starting in 2001
481,14,0.5170469030948741,Starting in 2001
482,15,0.5106286974570331,Starting in 2001
483,15,0.518714757839026,Starting in 2001
484,15,0.5200817243472409,Starting in 2001
487,15,0.5546440299868012,Starting in 2001
488,15,0.5589931424743353,Starting in 2001
489,15,0.5351308251259684,Starting in 2001
490,15,0.4865045392045856,Starting in 2001
491,16,0.4891159116201403,Starting in 2001
494,15,0.4961367419035471,Starting in 2001
495,15,0.5191804439049422,Starting in 2001
496,15,0.5424819505445927,Starting in 2001
497,15,0.550040907569609,Starting in 2001
498,15,0.5922077338231913,Starting in 2001
501,15,0.5725061862838977,Starting in 2001
502,14,0.5294319732370855,Starting in 2001
503,16,0.5790145183844697,Starting in 2001
504,15,0.5582114294781144,Starting in 2001
505,12,0.5611520887127357,Starting in 2001
508,15,0.566937680290641,Starting in 2001
509,15,0.5068497476241516,Starting in 2001
510,14,0.5643184891024365,Starting in 2001
511,11,0.5050652523099451,Starting in 2001
512,12,0.5912997688708039,Starting in 2001
515,13,0.5677946060111738,Starting in 2001
516,13,0.5482366838678903,Starting in 2001
517,12,0.5020520391353871,Starting in 2001
518,12,0.5466831806448773,Starting in 2001
519,11,0.5736149326064404,Starting in 2001
522,10,0.5721691183557536,Starting in 2001
523,9,0.5176120383281506,Starting in 2001
524,7,0.5445017381580555,Starting in 2001
525,7,0.5732831511814827,Starting in 2001
526,7,0.5715205283152255,Starting in 2001
529,6,0.6261888692718831,Starting in 2001
530,5,0.7157932662438229,Starting in 2001
531,5,0.7364034220452804,Starting in 2001
532,3,0.790189850605536,Starting in 2001
533,3,0.7962882643867111,Starting in 2001
536,3,0.8030826026422605,Starting in 2001
537,1,1.2999999999999998,Starting in 2001
538,1,1.2199999999999998,Starting in 2001
539,1,1.0949999999999998,Starting in 2001
1,14,0.06690878652528084,Starting in 2009
4,12,0.068526150726077,Starting in 2009
5,15,0.08020806277010693,Starting in 2009
6,15,0.08035338615557344,Starting in 2009
7,14,0.08275393818855006,Starting in 2009
8,15,0.08247221754425366,Starting in 2009
11,14,0.07244456008365517,Starting in 2009
12,15,0.08653515663205077,Starting in 2009
13,15,0.08645808232895394,Starting in 2009
14,15,0.08751190395216749,Starting in 2009
15,16,0.08491723912139379,Starting in 2009
18,13,0.07855669192470986,Starting in 2009
19,16,0.08657547285461326,Starting in 2009
20,16,0.08438194415868702,Starting in 2009
21,16,0.07817248556877415,Starting in 2009
22,15,0.08308630051538811,Starting in 2009
25,13,0.07006864765796195,Starting in 2009
26,14,0.07763237542601577,Starting in 2009
27,16,0.0798827265433528,Starting in 2009
28,16,0.08225341938181155,Starting in 2009
29,14,0.08147085368400167,Starting in 2009
32,10,0.06612488185244551,Starting in 2009
33,14,0.08770893422484012,Starting in 2009
34,15,0.08460693430998092,Starting in 2009
35,16,0.0823768019529785,Starting in 2009
36,13,0.08891439270876922,Starting in 2009
39,11,0.06941312425025843,Starting in 2009
40,16,0.08377798040058104,Starting in 2009
41,15,0.08273451516749106,Starting in 2009
42,14,0.08794275735629711,Starting in 2009
43,13,0.10710347261482099,Starting in 2009
46,12,0.10051948401512512,Starting in 2009
47,15,0.11488399946612904,Starting in 2009
48,14,0.11333420868009465,Starting in 2009
49,14,0.1229692179833185,Starting in 2009
50,15,0.11568635759385672,Starting in 2009
53,14,0.11162756955929205,Starting in 2009
54,14,0.11177145048203214,Starting in 2009
55,14,0.11235307866593705,Starting in 2009
56,15,0.11039323650779932,Starting in 2009
57,16,0.11390785749894597,Starting in 2009
60,14,0.0982435021479049,Starting in 2009
61,15,0.1122497216032177,Starting in 2009
62,16,0.10970842036963148,Starting in 2009
63,16,0.10896530411098801,Starting in 2009
64,16,0.10955877418080397,Starting in 2009
67,11,0.095286648878767935,Starting in 2009
68,15,0.12064410470470763,Starting in 2009
69,15,0.11847643928928263,Starting in 2009
70,16,0.12523103648856534,Starting in 2009
71,16,0.13048587088263816,Starting in 2009
74,12,0.11289744608862243,Starting in 2009
75,15,0.12063719713808517,Starting in 2009
76,15,0.13378465283183094,Starting in 2009
77,16,0.13453624047073695,Starting in 2009
78,13,0.1350712062922034,Starting in 2009
81,11,0.10766108438479388,Starting in 2009
82,15,0.1465207607587869,Starting in 2009
83,16,0.15475282711472718,Starting in 2009
84,15,0.1643826835973538,Starting in 2009
85,14,0.17743207956044257,Starting in 2009
88,13,0.15081190526357963,Starting in 2009
89,16,0.17187386363260773,Starting in 2009
90,14,0.20609463845525272,Starting in 2009
91,15,0.17480465287476468,Starting in 2009
92,13,0.20316722933810732,Starting in 2009
95,13,0.14165233713350867,Starting in 2009
96,14,0.16899387140198124,Starting in 2009
97,14,0.16827379899607783,Starting in 2009
98,14,0.16117315444665828,Starting in 2009
99,14,0.13982131454109736,Starting in 2009
102,13,0.09140989678787201,Starting in 2009
103,15,0.14778926438231815,Starting in 2009
104,15,0.16033818426480367,Starting in 2009
105,16,0.16953981833186169,Starting in 2009
106,16,0.17135945407242645,Starting in 2009
109,13,0.11067103018892077,Starting in 2009
110,15,0.16500000000000165,Starting in 2009
111,15,0.17011760637864823,Starting in 2009
112,16,0.16425019025864113,Starting in 2009
113,15,0.15959323293924516,Starting in 2009
116,12,0.1136606792166916,Starting in 2009
117,16,0.1846406983847302,Starting in 2009
118,16,0.1914908614007495,Starting in 2009
119,15,0.19435791725576881,Starting in 2009
120,16,0.18545552027373333,Starting in 2009
123,13,0.15051194688079292,Starting in 2009
124,16,0.19795438237129534,Starting in 2009
125,15,0.226851640211541,Starting in 2009
126,16,0.21363666586052021,Starting in 2009
127,14,0.24310491562286515,Starting in 2009
130,13,0.15940996976832586,Starting in 2009
131,14,0.20272254085678004,Starting in 2009
132,16,0.18808658245606058,Starting in 2009
133,14,0.19095156453928497,Starting in 2009
134,12,0.18115946014492493,Starting in 2009
137,13,0.11421134255944551,Starting in 2009
138,15,0.17716282529545285,Starting in 2009
139,14,0.18746428231227974,Starting in 2009
140,15,0.18304826321674575,Starting in 2009
141,14,0.1989526146024293,Starting in 2009
144,13,0.12940693121372515,Starting in 2009
145,13,0.22064154710229195,Starting in 2009
146,14,0.18672936872077128,Starting in 2009
147,15,0.18259244234086247,Starting in 2009
148,15,0.18486481547336378,Starting in 2009
151,14,0.14311583719890342,Starting in 2009
152,16,0.20078751206188272,Starting in 2009
153,15,0.21156953151781338,Starting in 2009
154,16,0.20988091861815505,Starting in 2009
155,16,0.22219431248346655,Starting in 2009
158,14,0.17015224275420635,Starting in 2009
159,15,0.20586808073780397,Starting in 2009
160,14,0.21218253597181083,Starting in 2009
161,15,0.25085520391918165,Starting in 2009
162,15,0.2122223676555645,Starting in 2009
165,14,0.1539538428045431,Starting in 2009
166,16,0.24324627438051288,Starting in 2009
167,16,0.246503676443172,Starting in 2009
168,16,0.25424520644448845,Starting in 2009
169,15,0.234936161541812,Starting in 2009
172,15,0.217136669711345,Starting in 2009
173,14,0.2449161664150194,Starting in 2009
174,15,0.27424745516898924,Starting in 2009
175,14,0.24167939211159248,Starting in 2009
176,13,0.27022070751375077,Starting in 2009
179,12,0.20106487344469973,Starting in 2009
180,15,0.24103595858986143,Starting in 2009
181,15,0.24559451676832356,Starting in 2009
182,16,0.22547172771768964,Starting in 2009
183,13,0.2441114184453162,Starting in 2009
186,14,0.23933688152297591,Starting in 2009
187,15,0.28015769368934856,Starting in 2009
188,14,0.2942362995960907,Starting in 2009
189,15,0.2790997432221461,Starting in 2009
190,14,0.25410206048526773,Starting in 2009
193,15,0.223207676092617,Starting in 2009
194,13,0.21481655859396648,Starting in 2009
195,14,0.26403124815066964,Starting in 2009
196,16,0.2798269554564052,Starting in 2009
197,15,0.23178653972998733,Starting in 2009
200,15,0.21379507322044253,Starting in 2009
201,16,0.25560284133788647,Starting in 2009
202,16,0.25506126714967947,Starting in 2009
203,14,0.276705748817352,Starting in 2009
204,15,0.266886367829706,Starting in 2009
207,15,0.27350502737609605,Starting in 2009
208,14,0.26729464747994647,Starting in 2009
209,14,0.312798428932848,Starting in 2009
210,14,0.25840513595072795,Starting in 2009
211,14,0.27983094386228535,Starting in 2009
214,15,0.24635340468522146,Starting in 2009
215,15,0.23605790250134367,Starting in 2009
216,13,0.24029228996242147,Starting in 2009
217,15,0.24604538876665308,Starting in 2009
218,13,0.24381187577562788,Starting in 2009
221,14,0.2515487740266032,Starting in 2009
222,14,0.2790833208918084,Starting in 2009
223,14,0.2722656266012497,Starting in 2009
224,13,0.2751153604189732,Starting in 2009
225,14,0.27866710811084033,Starting in 2009
228,14,0.28131070773384076,Starting in 2009
229,13,0.24061219995925312,Starting in 2009
230,14,0.2907871091660425,Starting in 2009
231,16,0.2824253219879535,Starting in 2009
232,13,0.225316017389594,Starting in 2009
235,15,0.24004860618910898,Starting in 2009
236,16,0.2929057015491522,Starting in 2009
237,16,0.27287245188915776,Starting in 2009
238,16,0.2699044969984757,Starting in 2009
239,15,0.29042784531331434,Starting in 2009
242,16,0.26430332952878316,Starting in 2009
243,15,0.24738296896378004,Starting in 2009
244,15,0.3013276179398974,Starting in 2009
245,14,0.2633845640340926,Starting in 2009
246,15,0.27549349659595795,Starting in 2009
249,15,0.2497298540423233,Starting in 2009
250,15,0.2280752799698673,Starting in 2009
251,14,0.20663978319771867,Starting in 2009
252,15,0.23325951213187535,Starting in 2009
253,14,0.22216869394995342,Starting in 2009
256,14,0.21643210746757816,Starting in 2009
257,15,0.2442266706702339,Starting in 2009
258,15,0.2417540072056729,Starting in 2009
259,13,0.26941889032051686,Starting in 2009
260,16,0.24466175630858197,Starting in 2009
263,15,0.23965948065258447,Starting in 2009
264,16,0.27210407016433946,Starting in 2009
265,16,0.26945546941934545,Starting in 2009
266,16,0.2823672254352481,Starting in 2009
267,14,0.2831708217414252,Starting in 2009
270,16,0.3045257583522299,Starting in 2009
271,15,0.317700068198503,Starting in 2009
272,15,0.3239753077010666,Starting in 2009
273,15,0.3022498966087499,Starting in 2009
274,13,0.29844790809478683,Starting in 2009
277,15,0.33844004885159185,Starting in 2009
278,13,0.33842679017431887,Starting in 2009
279,15,0.3113385081654157,Starting in 2009
280,16,0.3078529478501064,Starting in 2009
281,15,0.3195569850068477,Starting in 2009
284,16,0.31224239382249225,Starting in 2009
285,15,0.32449447863818376,Starting in 2009
286,15,0.2835548153943666,Starting in 2009
287,16,0.2844347464709597,Starting in 2009
288,15,0.2974754891863648,Starting in 2009
291,15,0.28542366171476835,Starting in 2009
292,15,0.2933456436810788,Starting in 2009
293,14,0.3305055651141589,Starting in 2009
294,11,0.38120323856298666,Starting in 2009
295,14,0.3642457961322267,Starting in 2009
298,15,0.35653891793182946,Starting in 2009
299,15,0.3615268546963932,Starting in 2009
300,14,0.37326503414368506,Starting in 2009
301,15,0.38431324029581343,Starting in 2009
302,15,0.37719137494557453,Starting in 2009
305,15,0.3941531005417394,Starting in 2009
306,14,0.4097996025934061,Starting in 2009
307,14,0.4127218018402771,Starting in 2009
308,15,0.3895510236156479,Starting in 2009
309,14,0.38720841564054026,Starting in 2009
312,14,0.4355620342893599,Starting in 2009
313,14,0.4594056719595134,Starting in 2009
314,14,0.45497645150993504,Starting in 2009
315,15,0.4309234270726059,Starting in 2009
316,14,0.451973845640273,Starting in 2009
319,16,0.4262628297189423,Starting in 2009
320,14,0.4140220836070061,Starting in 2009
321,15,0.4417106896299131,Starting in 2009
322,16,0.4523048612385235,Starting in 2009
323,13,0.4333456605741676,Starting in 2009
326,15,0.4569007915656667,Starting in 2009
327,16,0.41373111739389296,Starting in 2009
328,14,0.4142570802912477,Starting in 2009
329,16,0.3792509063931164,Starting in 2009
330,15,0.32842046221269516,Starting in 2009
333,15,0.31022572427186046,Starting in 2009
334,15,0.30460630328343546,Starting in 2009
335,15,0.33038866001524236,Starting in 2009
336,14,0.3544286146139198,Starting in 2009
337,14,0.363379475008074,Starting in 2009
340,15,0.35089409608408445,Starting in 2009
341,15,0.36167895524438076,Starting in 2009
342,13,0.40079968140629135,Starting in 2009
343,13,0.4200366284394364,Starting in 2009
344,14,0.3752784680359758,Starting in 2009
347,14,0.40948355976068984,Starting in 2009
348,14,0.4216400800954023,Starting in 2009
349,13,0.4059035504989984,Starting in 2009
350,14,0.3588125256612829,Starting in 2009
351,14,0.3617911789179742,Starting in 2009
354,16,0.3890513301609451,Starting in 2009
355,15,0.42725675340868924,Starting in 2009
356,16,0.4322687242908053,Starting in 2009
357,16,0.43136773755115254,Starting in 2009
358,15,0.46142171600391774,Starting in 2009
361,15,0.44407018964723655,Starting in 2009
362,15,0.43766806295791427,Starting in 2009
363,14,0.4784648068861202,Starting in 2009
364,16,0.45680274736476756,Starting in 2009
365,15,0.464965948574015,Starting in 2009
368,15,0.4920298093950543,Starting in 2009
369,14,0.3888765871070146,Starting in 2009
370,16,0.41974880881307974,Starting in 2009
371,15,0.42800506227535695,Starting in 2009
372,15,0.39658962837337586,Starting in 2009
375,16,0.38921194418979593,Starting in 2009
376,16,0.40854352583292786,Starting in 2009
377,15,0.4107696029000513,Starting in 2009
378,13,0.3620082871979593,Starting in 2009
379,14,0.42047804427138097,Starting in 2009
382,14,0.43655714729820166,Starting in 2009
383,15,0.3982628947483479,Starting in 2009
384,13,0.394105608649801,Starting in 2009
385,14,0.4270914923727032,Starting in 2009
386,13,0.45216147558145736,Starting in 2009
389,15,0.43659859520311417,Starting in 2009
390,13,0.4630293228793974,Starting in 2009
391,14,0.4426664335914476,Starting in 2009
392,15,0.4393517952620654,Starting in 2009
393,14,0.4382778798890039,Starting in 2009
396,14,0.4608086835739352,Starting in 2009
397,14,0.47527999266597765,Starting in 2009
398,15,0.46031873015697855,Starting in 2009
399,15,0.450116651547129,Starting in 2009
400,16,0.47114886182606963,Starting in 2009
403,15,0.4733849737088546,Starting in 2009
404,15,0.48671860453448873,Starting in 2009
405,16,0.5039717253973678,Starting in 2009
406,16,0.5134838118188348,Starting in 2009
407,16,0.5381086669995199,Starting in 2009
410,16,0.5131352769981813,Starting in 2009
411,15,0.4685438435550435,Starting in 2009
412,15,0.5182583011073407,Starting in 2009
413,14,0.5317961478397001,Starting in 2009
414,14,0.5057208433795969,Starting in 2009
417,15,0.5522559792946277,Starting in 2009
418,15,0.5225418643515561,Starting in 2009
419,16,0.5109045287526831,Starting in 2009
420,14,0.46699839400152127,Starting in 2009
421,13,0.4981523554403509,Starting in 2009
424,16,0.46528385153581286,Starting in 2009
425,15,0.4571906969015598,Starting in 2009
426,14,0.451038484262389,Starting in 2009
427,15,0.49175027537697735,Starting in 2009
428,15,0.49751381890355634,Starting in 2009
431,13,0.4789993576356705,Starting in 2009
432,13,0.5005957988698606,Starting in 2009
433,15,0.4692280895257661,Starting in 2009
434,14,0.4960666717863054,Starting in 2009
435,14,0.4909302394434472,Starting in 2009
438,15,0.4848883032891867,Starting in 2009
439,15,0.4862698153631721,Starting in 2009
440,14,0.48962449168433475,Starting in 2009
441,15,0.45907878771876814,Starting in 2009
442,15,0.46153186961104536,Starting in 2009
445,14,0.49200936402238815,Starting in 2009
446,14,0.5061302768486172,Starting in 2009
447,15,0.5268601965101053,Starting in 2009
448,15,0.5517759207021152,Starting in 2009
449,16,0.5477724778591938,Starting in 2009
452,16,0.541930865055682,Starting in 2009
453,15,0.5405090193512045,Starting in 2009
454,16,0.5584590965325926,Starting in 2009
455,16,0.5693485861052083,Starting in 2009
456,14,0.5913694759985992,Starting in 2009
459,16,0.5837419699661831,Starting in 2009
460,15,0.501073846852937,Starting in 2009
461,14,0.545222759193761,Starting in 2009
462,13,0.5350916528250806,Starting in 2009
463,12,0.538545494828431,Starting in 2009
466,14,0.5223538756710546,Starting in 2009
467,15,0.5095291944530761,Starting in 2009
468,15,0.4986063911878121,Starting in 2009
469,14,0.44405195963664224,Starting in 2009
470,14,0.5096024360785009,Starting in 2009
473,15,0.4671883988285662,Starting in 2009
474,16,0.46273136105088003,Starting in 2009
475,14,0.4305996649192521,Starting in 2009
476,15,0.48259886724552786,Starting in 2009
477,15,0.49729099462320103,Starting in 2009
480,15,0.49762268169099083,Starting in 2009
481,14,0.5170469030948741,Starting in 2009
482,15,0.5106286974570331,Starting in 2009
483,15,0.518714757839026,Starting in 2009
484,15,0.5200817243472409,Starting in 2009
487,15,0.5546440299868012,Starting in 2009
488,15,0.5589931424743353,Starting in 2009
489,15,0.5351308251259684,Starting in 2009
490,15,0.4865045392045856,Starting in 2009
491,16,0.4891159116201403,Starting in 2009
494,15,0.4961367419035471,Starting in 2009
495,15,0.5191804439049422,Starting in 2009
496,15,0.5424819505445927,Starting in 2009
497,15,0.550040907569609,Starting in 2009
498,15,0.5922077338231913,Starting in 2009
501,15,0.5725061862838977,Starting in 2009
502,14,0.5294319732370855,Starting in 2009
503,16,0.5790145183844697,Starting in 2009
504,15,0.5582114294781144,Starting in 2009
505,12,0.5611520887127357,Starting in 2009
508,15,0.566937680290641,Starting in 2009
509,15,0.5068497476241516,Starting in 2009
510,14,0.5643184891024365,Starting in 2009
511,11,0.5050652523099451,Starting in 2009
512,12,0.5912997688708039,Starting in 2009
515,13,0.5677946060111738,Starting in 2009
516,13,0.5482366838678903,Starting in 2009
517,12,0.5020520391353871,Starting in 2009
518,12,0.5466831806448773,Starting in 2009
519,11,0.5736149326064404,Starting in 2009
522,10,0.5721691183557536,Starting in 2009
523,9,0.5176120383281506,Starting in 2009
524,7,0.5445017381580555,Starting in 2009
525,7,0.5732831511814827,Starting in 2009
526,7,0.5715205283152255,Starting in 2009
529,6,0.6261888692718831,Starting in 2009
530,5,0.7157932662438229,Starting in 2009
531,5,0.7364034220452804,Starting in 2009
532,3,0.790189850605536,Starting in 2009
533,3,0.7962882643867111,Starting in 2009
536,3,0.8030826026422605,Starting in 2009
537,1,1.2999999999999998,Starting in 2009
538,1,1.2199999999999998,Starting in 2009
539,1,1.0949999999999998,Starting in 2009
