"meeting_date","scrape_date","move","diff_bps","bucket_rate","probability"
2027-02-03,2025-08-31,"0.10%",-300,0.1,0
2027-02-03,2025-08-31,"0.35%",-300,0.35,0
2027-02-03,2025-08-31,"0.60%",-300,0.6,0
2027-02-03,2025-08-31,"0.85%",-275,0.85,0
2027-02-03,2025-08-31,"1.10%",-250,1.1,0
2027-02-03,2025-08-31,"1.35%",-225,1.35,0
2027-02-03,2025-08-31,"1.60%",-200,1.6,0
2027-02-03,2025-08-31,"1.85%",-175,1.85,0.0188903480119976
2027-02-03,2025-08-31,"2.10%",-150,2.1,0.0420641561867034
2027-02-03,2025-08-31,"2.35%",-125,2.35,0.0782899273014296
2027-02-03,2025-08-31,"2.60%",-100,2.6,0.121796320336417
2027-02-03,2025-08-31,"2.85%",-75,2.85,0.158382234742485
2027-02-03,2025-08-31,"3.10%",-50,3.1,0.172158496381361
2027-02-03,2025-08-31,"3.35%",-25,3.35,0.156423486687778
2027-02-03,2025-08-31,"3.60%",0,3.6,0.11880231108914
2027-02-03,2025-08-31,"3.85%",25,3.85,0.0754208289562826
2027-02-03,2025-08-31,"4.10%",50,4.1,0.0400213275292147
2027-02-03,2025-08-31,"4.35%",75,4.35,0.0177505627771917
2027-02-03,2025-08-31,"4.60%",100,4.6,0
2027-02-03,2025-08-31,"4.85%",125,4.85,0
2027-02-03,2025-08-31,"5.10%",150,5.1,0
2027-02-03,2025-08-31,"5.35%",175,5.35,0
2027-02-03,2025-08-31,"5.60%",200,5.6,0
2027-02-03,2025-08-31,"5.85%",225,5.85,0
2027-02-03,2025-08-31,"6.10%",250,6.1,0
2027-02-03,2025-09-01,"0.10%",-300,0.1,0
2027-02-03,2025-09-01,"0.35%",-300,0.35,0
2027-02-03,2025-09-01,"0.60%",-300,0.6,0
2027-02-03,2025-09-01,"0.85%",-275,0.85,0
2027-02-03,2025-09-01,"1.10%",-250,1.1,0
2027-02-03,2025-09-01,"1.35%",-225,1.35,0
2027-02-03,2025-09-01,"1.60%",-200,1.6,0
2027-02-03,2025-09-01,"1.85%",-175,1.85,0.0177137767174705
2027-02-03,2025-09-01,"2.10%",-150,2.1,0.0395200588503114
2027-02-03,2025-09-01,"2.35%",-125,2.35,0.0740176480678505
2027-02-03,2025-09-01,"2.60%",-100,2.6,0.116379508575833
2027-02-03,2025-09-01,"2.85%",-75,2.85,0.153620888140245
2027-02-03,2025-09-01,"3.10%",-50,3.1,0.17024019269215
2027-02-03,2025-09-01,"3.35%",-25,3.35,0.158385011424049
2027-02-03,2025-09-01,"3.60%",0,3.6,0.123709984074004
2027-02-03,2025-09-01,"3.85%",25,3.85,0.0811202268930844
2027-02-03,2025-09-01,"4.10%",50,4.1,0.0446559064978133
2027-02-03,2025-09-01,"4.35%",75,4.35,0.0206367980671886
2027-02-03,2025-09-01,"4.60%",100,4.6,0
2027-02-03,2025-09-01,"4.85%",125,4.85,0
2027-02-03,2025-09-01,"5.10%",150,5.1,0
2027-02-03,2025-09-01,"5.35%",175,5.35,0
2027-02-03,2025-09-01,"5.60%",200,5.6,0
2027-02-03,2025-09-01,"5.85%",225,5.85,0
2027-02-03,2025-09-01,"6.10%",250,6.1,0
2027-02-03,2025-09-02,"0.10%",-300,0.1,0
2027-02-03,2025-09-02,"0.35%",-300,0.35,0
2027-02-03,2025-09-02,"0.60%",-300,0.6,0
2027-02-03,2025-09-02,"0.85%",-275,0.85,0
2027-02-03,2025-09-02,"1.10%",-250,1.1,0
2027-02-03,2025-09-02,"1.35%",-225,1.35,0
2027-02-03,2025-09-02,"1.60%",-200,1.6,0
2027-02-03,2025-09-02,"1.85%",-175,1.85,0.0140407502721669
2027-02-03,2025-09-02,"2.10%",-150,2.1,0.0323327327013686
2027-02-03,2025-09-02,"2.35%",-125,2.35,0.0627661766925742
2027-02-03,2025-09-02,"2.60%",-100,2.6,0.102719310744222
2027-02-03,2025-09-02,"2.85%",-75,2.85,0.141719862978757
2027-02-03,2025-09-02,"3.10%",-50,3.1,0.164841870802779
2027-02-03,2025-09-02,"3.35%",-25,3.35,0.161646146178289
2027-02-03,2025-09-02,"3.60%",0,3.6,0.133636107739542
2027-02-03,2025-09-02,"3.85%",25,3.85,0.0931406726104053
2027-02-03,2025-09-02,"4.10%",50,4.1,0.054727463459865
2027-02-03,2025-09-02,"4.35%",75,4.35,0.0271089022981738
2027-02-03,2025-09-02,"4.60%",100,4.6,0.0113200035218569
2027-02-03,2025-09-02,"4.85%",125,4.85,0
2027-02-03,2025-09-02,"5.10%",150,5.1,0
2027-02-03,2025-09-02,"5.35%",175,5.35,0
2027-02-03,2025-09-02,"5.60%",200,5.6,0
2027-02-03,2025-09-02,"5.85%",225,5.85,0
2027-02-03,2025-09-02,"6.10%",250,6.1,0
2027-02-03,2025-09-03,"0.10%",-300,0.1,0
2027-02-03,2025-09-03,"0.35%",-300,0.35,0
2027-02-03,2025-09-03,"0.60%",-300,0.6,0
2027-02-03,2025-09-03,"0.85%",-275,0.85,0
2027-02-03,2025-09-03,"1.10%",-250,1.1,0
2027-02-03,2025-09-03,"1.35%",-225,1.35,0
2027-02-03,2025-09-03,"1.60%",-200,1.6,0
2027-02-03,2025-09-03,"1.85%",-175,1.85,0.0136833384424349
2027-02-03,2025-09-03,"2.10%",-150,2.1,0.0332352410918479
2027-02-03,2025-09-03,"2.35%",-125,2.35,0.0668467951532916
2027-02-03,2025-09-03,"2.60%",-100,2.6,0.111340806142896
2027-02-03,2025-09-03,"2.85%",-75,2.85,0.153579342097556
2027-02-03,2025-09-03,"3.10%",-50,3.1,0.175438132396294
2027-02-03,2025-09-03,"3.35%",-25,3.35,0.16597065423574
2027-02-03,2025-09-03,"3.60%",0,3.6,0.130032924170732
2027-02-03,2025-09-03,"3.85%",25,3.85,0.0843691962931529
2027-02-03,2025-09-03,"4.10%",50,4.1,0.0453327702872331
2027-02-03,2025-09-03,"4.35%",75,4.35,0.020170799688822
2027-02-03,2025-09-03,"4.60%",100,4.6,0
2027-02-03,2025-09-03,"4.85%",125,4.85,0
2027-02-03,2025-09-03,"5.10%",150,5.1,0
2027-02-03,2025-09-03,"5.35%",175,5.35,0
2027-02-03,2025-09-03,"5.60%",200,5.6,0
2027-02-03,2025-09-03,"5.85%",225,5.85,0
2027-02-03,2025-09-03,"6.10%",250,6.1,0
2027-02-03,2025-09-04,"0.10%",-300,0.1,0
2027-02-03,2025-09-04,"0.35%",-300,0.35,0
2027-02-03,2025-09-04,"0.60%",-300,0.6,0
2027-02-03,2025-09-04,"0.85%",-275,0.85,0
2027-02-03,2025-09-04,"1.10%",-250,1.1,0
2027-02-03,2025-09-04,"1.35%",-225,1.35,0
2027-02-03,2025-09-04,"1.60%",-200,1.6,0
2027-02-03,2025-09-04,"1.85%",-175,1.85,0
2027-02-03,2025-09-04,"2.10%",-150,2.1,0.0268915769443176
2027-02-03,2025-09-04,"2.35%",-125,2.35,0.0611886523203228
2027-02-03,2025-09-04,"2.60%",-100,2.6,0.111529164750963
2027-02-03,2025-09-04,"2.85%",-75,2.85,0.162852021765707
2027-02-03,2025-09-04,"3.10%",-50,3.1,0.190502435434786
2027-02-03,2025-09-04,"3.35%",-25,3.35,0.178532414436051
2027-02-03,2025-09-04,"3.60%",0,3.6,0.134041753507697
2027-02-03,2025-09-04,"3.85%",25,3.85,0.0806227824077618
2027-02-03,2025-09-04,"4.10%",50,4.1,0.0388462822782701
2027-02-03,2025-09-04,"4.35%",75,4.35,0.0149929161541248
2027-02-03,2025-09-04,"4.60%",100,4.6,0
2027-02-03,2025-09-04,"4.85%",125,4.85,0
2027-02-03,2025-09-04,"5.10%",150,5.1,0
2027-02-03,2025-09-04,"5.35%",175,5.35,0
2027-02-03,2025-09-04,"5.60%",200,5.6,0
2027-02-03,2025-09-04,"5.85%",225,5.85,0
2027-02-03,2025-09-04,"6.10%",250,6.1,0
2027-02-03,2025-09-07,"0.10%",-300,0.1,0
2027-02-03,2025-09-07,"0.35%",-300,0.35,0
2027-02-03,2025-09-07,"0.60%",-300,0.6,0
2027-02-03,2025-09-07,"0.85%",-275,0.85,0
2027-02-03,2025-09-07,"1.10%",-250,1.1,0
2027-02-03,2025-09-07,"1.35%",-225,1.35,0
2027-02-03,2025-09-07,"1.60%",-200,1.6,0
2027-02-03,2025-09-07,"1.85%",-175,1.85,0.0201881969642776
2027-02-03,2025-09-07,"2.10%",-150,2.1,0.0428797463642426
2027-02-03,2025-09-07,"2.35%",-125,2.35,0.0771657465258324
2027-02-03,2025-09-07,"2.60%",-100,2.6,0.117658788358861
2027-02-03,2025-09-07,"2.85%",-75,2.85,0.152005306857062
2027-02-03,2025-09-07,"3.10%",-50,3.1,0.166391852375743
2027-02-03,2025-09-07,"3.35%",-25,3.35,0.154328393810789
2027-02-03,2025-09-07,"3.60%",0,3.6,0.121282684843325
2027-02-03,2025-09-07,"3.85%",25,3.85,0.0807582412276865
2027-02-03,2025-09-07,"4.10%",50,4.1,0.0455620358030272
2027-02-03,2025-09-07,"4.35%",75,4.35,0.0217790068691539
2027-02-03,2025-09-07,"4.60%",100,4.6,0
2027-02-03,2025-09-07,"4.85%",125,4.85,0
2027-02-03,2025-09-07,"5.10%",150,5.1,0
2027-02-03,2025-09-07,"5.35%",175,5.35,0
2027-02-03,2025-09-07,"5.60%",200,5.6,0
2027-02-03,2025-09-07,"5.85%",225,5.85,0
2027-02-03,2025-09-07,"6.10%",250,6.1,0
2027-02-03,2025-09-08,"0.10%",-300,0.1,0
2027-02-03,2025-09-08,"0.35%",-300,0.35,0
2027-02-03,2025-09-08,"0.60%",-300,0.6,0
2027-02-03,2025-09-08,"0.85%",-275,0.85,0
2027-02-03,2025-09-08,"1.10%",-250,1.1,0
2027-02-03,2025-09-08,"1.35%",-225,1.35,0
2027-02-03,2025-09-08,"1.60%",-200,1.6,0
2027-02-03,2025-09-08,"1.85%",-175,1.85,0.0206292513046353
2027-02-03,2025-09-08,"2.10%",-150,2.1,0.0430421454284351
2027-02-03,2025-09-08,"2.35%",-125,2.35,0.076496126271465
2027-02-03,2025-09-08,"2.60%",-100,2.6,0.115805380611804
2027-02-03,2025-09-08,"2.85%",-75,2.85,0.149337243410354
2027-02-03,2025-09-08,"3.10%",-50,3.1,0.164044448745987
2027-02-03,2025-09-08,"3.35%",-25,3.35,0.153500719743445
2027-02-03,2025-09-08,"3.60%",0,3.6,0.122352749969872
2027-02-03,2025-09-08,"3.85%",25,3.85,0.0830745497369289
2027-02-03,2025-09-08,"4.10%",50,4.1,0.048047110469614
2027-02-03,2025-09-08,"4.35%",75,4.35,0.0236702743074591
2027-02-03,2025-09-08,"4.60%",100,4.6,0
2027-02-03,2025-09-08,"4.85%",125,4.85,0
2027-02-03,2025-09-08,"5.10%",150,5.1,0
2027-02-03,2025-09-08,"5.35%",175,5.35,0
2027-02-03,2025-09-08,"5.60%",200,5.6,0
2027-02-03,2025-09-08,"5.85%",225,5.85,0
2027-02-03,2025-09-08,"6.10%",250,6.1,0
2027-02-03,2025-09-09,"0.10%",-300,0.1,0
2027-02-03,2025-09-09,"0.35%",-300,0.35,0
2027-02-03,2025-09-09,"0.60%",-300,0.6,0
2027-02-03,2025-09-09,"0.85%",-275,0.85,0
2027-02-03,2025-09-09,"1.10%",-250,1.1,0
2027-02-03,2025-09-09,"1.35%",-225,1.35,0
2027-02-03,2025-09-09,"1.60%",-200,1.6,0
2027-02-03,2025-09-09,"1.85%",-175,1.85,0.0215313563790759
2027-02-03,2025-09-09,"2.10%",-150,2.1,0.0438792535770753
2027-02-03,2025-09-09,"2.35%",-125,2.35,0.0765579321618889
2027-02-03,2025-09-09,"2.60%",-100,2.6,0.114359410023393
2027-02-03,2025-09-09,"2.85%",-75,2.85,0.146254733541083
2027-02-03,2025-09-09,"3.10%",-50,3.1,0.160142907086762
2027-02-03,2025-09-09,"3.35%",-25,3.35,0.150129663447658
2027-02-03,2025-09-09,"3.60%",0,3.6,0.120499552248053
2027-02-03,2025-09-09,"3.85%",25,3.85,0.0828059221301102
2027-02-03,2025-09-09,"4.10%",50,4.1,0.0487179711984123
2027-02-03,2025-09-09,"4.35%",75,4.35,0.0245392642591691
2027-02-03,2025-09-09,"4.60%",100,4.6,0.0105820339473205
2027-02-03,2025-09-09,"4.85%",125,4.85,0
2027-02-03,2025-09-09,"5.10%",150,5.1,0
2027-02-03,2025-09-09,"5.35%",175,5.35,0
2027-02-03,2025-09-09,"5.60%",200,5.6,0
2027-02-03,2025-09-09,"5.85%",225,5.85,0
2027-02-03,2025-09-09,"6.10%",250,6.1,0
2027-02-03,2025-09-10,"0.10%",-300,0.1,0
2027-02-03,2025-09-10,"0.35%",-300,0.35,0
2027-02-03,2025-09-10,"0.60%",-300,0.6,0
2027-02-03,2025-09-10,"0.85%",-275,0.85,0
2027-02-03,2025-09-10,"1.10%",-250,1.1,0
2027-02-03,2025-09-10,"1.35%",-225,1.35,0
2027-02-03,2025-09-10,"1.60%",-200,1.6,0
2027-02-03,2025-09-10,"1.85%",-175,1.85,0.0120844971463166
2027-02-03,2025-09-10,"2.10%",-150,2.1,0.0320023996876361
2027-02-03,2025-09-10,"2.35%",-125,2.35,0.0684542090226756
2027-02-03,2025-09-10,"2.60%",-100,2.6,0.118279156719038
2027-02-03,2025-09-10,"2.85%",-75,2.85,0.165092159183531
2027-02-03,2025-09-10,"3.10%",-50,3.1,0.186151716495083
2027-02-03,2025-09-10,"3.35%",-25,3.35,0.16956430774335
2027-02-03,2025-09-10,"3.60%",0,3.6,0.124774314100474
2027-02-03,2025-09-10,"3.85%",25,3.85,0.0741699614702998
2027-02-03,2025-09-10,"4.10%",50,4.1,0.0356142853870821
2027-02-03,2025-09-10,"4.35%",75,4.35,0.0138129930445135
2027-02-03,2025-09-10,"4.60%",100,4.6,0
2027-02-03,2025-09-10,"4.85%",125,4.85,0
2027-02-03,2025-09-10,"5.10%",150,5.1,0
2027-02-03,2025-09-10,"5.35%",175,5.35,0
2027-02-03,2025-09-10,"5.60%",200,5.6,0
2027-02-03,2025-09-10,"5.85%",225,5.85,0
2027-02-03,2025-09-10,"6.10%",250,6.1,0
2027-02-03,2025-09-11,"0.10%",-300,0.1,0
2027-02-03,2025-09-11,"0.35%",-300,0.35,0
2027-02-03,2025-09-11,"0.60%",-300,0.6,0
2027-02-03,2025-09-11,"0.85%",-275,0.85,0
2027-02-03,2025-09-11,"1.10%",-250,1.1,0
2027-02-03,2025-09-11,"1.35%",-225,1.35,0
2027-02-03,2025-09-11,"1.60%",-200,1.6,0
2027-02-03,2025-09-11,"1.85%",-175,1.85,0.0163117739764509
2027-02-03,2025-09-11,"2.10%",-150,2.1,0.0367954011811106
2027-02-03,2025-09-11,"2.35%",-125,2.35,0.0698168386075958
2027-02-03,2025-09-11,"2.60%",-100,2.6,0.111432833758122
2027-02-03,2025-09-11,"2.85%",-75,2.85,0.149610293396102
2027-02-03,2025-09-11,"3.10%",-50,3.1,0.16897045609655
2027-02-03,2025-09-11,"3.35%",-25,3.35,0.160532676715956
2027-02-03,2025-09-11,"3.60%",0,3.6,0.128297587384274
2027-02-03,2025-09-11,"3.85%",25,3.85,0.0862524730513928
2027-02-03,2025-09-11,"4.10%",50,4.1,0.0487769916548104
2027-02-03,2025-09-11,"4.35%",75,4.35,0.0232026741776363
2027-02-03,2025-09-11,"4.60%",100,4.6,0
2027-02-03,2025-09-11,"4.85%",125,4.85,0
2027-02-03,2025-09-11,"5.10%",150,5.1,0
2027-02-03,2025-09-11,"5.35%",175,5.35,0
2027-02-03,2025-09-11,"5.60%",200,5.6,0
2027-02-03,2025-09-11,"5.85%",225,5.85,0
2027-02-03,2025-09-11,"6.10%",250,6.1,0
2027-02-03,2025-09-12,"0.10%",-300,0.1,0
2027-02-03,2025-09-12,"0.35%",-300,0.35,0
2027-02-03,2025-09-12,"0.60%",-300,0.6,0
2027-02-03,2025-09-12,"0.85%",-275,0.85,0
2027-02-03,2025-09-12,"1.10%",-250,1.1,0
2027-02-03,2025-09-12,"1.35%",-225,1.35,0
2027-02-03,2025-09-12,"1.60%",-200,1.6,0
2027-02-03,2025-09-12,"1.85%",-175,1.85,0.0102647432678181
2027-02-03,2025-09-12,"2.10%",-150,2.1,0.0281181870074273
2027-02-03,2025-09-12,"2.35%",-125,2.35,0.0621650192090817
2027-02-03,2025-09-12,"2.60%",-100,2.6,0.110930897043025
2027-02-03,2025-09-12,"2.85%",-75,2.85,0.159781951351902
2027-02-03,2025-09-12,"3.10%",-50,3.1,0.185774088989001
2027-02-03,2025-09-12,"3.35%",-25,3.35,0.174353392391515
2027-02-03,2025-09-12,"3.60%",0,3.6,0.132087322505934
2027-02-03,2025-09-12,"3.85%",25,3.85,0.0807731541548038
2027-02-03,2025-09-12,"4.10%",50,4.1,0.0398685194229314
2027-02-03,2025-09-12,"4.35%",75,4.35,0.01588272465656
2027-02-03,2025-09-12,"4.60%",100,4.6,0
2027-02-03,2025-09-12,"4.85%",125,4.85,0
2027-02-03,2025-09-12,"5.10%",150,5.1,0
2027-02-03,2025-09-12,"5.35%",175,5.35,0
2027-02-03,2025-09-12,"5.60%",200,5.6,0
2027-02-03,2025-09-12,"5.85%",225,5.85,0
2027-02-03,2025-09-12,"6.10%",250,6.1,0
2027-02-03,2025-09-14,"0.10%",-300,0.1,0
2027-02-03,2025-09-14,"0.35%",-300,0.35,0
2027-02-03,2025-09-14,"0.60%",-300,0.6,0
2027-02-03,2025-09-14,"0.85%",-275,0.85,0
2027-02-03,2025-09-14,"1.10%",-250,1.1,0
2027-02-03,2025-09-14,"1.35%",-225,1.35,0
2027-02-03,2025-09-14,"1.60%",-200,1.6,0
2027-02-03,2025-09-14,"1.85%",-175,1.85,0.0156845531865724
2027-02-03,2025-09-14,"2.10%",-150,2.1,0.0352280722062746
2027-02-03,2025-09-14,"2.35%",-125,2.35,0.0668080596027699
2027-02-03,2025-09-14,"2.60%",-100,2.6,0.106980190165312
2027-02-03,2025-09-14,"2.85%",-75,2.85,0.144650793303498
2027-02-03,2025-09-14,"3.10%",-50,3.1,0.165153078275924
2027-02-03,2025-09-14,"3.35%",-25,3.35,0.159222095258072
2027-02-03,2025-09-14,"3.60%",0,3.6,0.129619439546714
2027-02-03,2025-09-14,"3.85%",25,3.85,0.0891011593050236
2027-02-03,2025-09-14,"4.10%",50,4.1,0.051717346466354
2027-02-03,2025-09-14,"4.35%",75,4.35,0.0253465647100299
2027-02-03,2025-09-14,"4.60%",100,4.6,0.0104886479734549
2027-02-03,2025-09-14,"4.85%",125,4.85,0
2027-02-03,2025-09-14,"5.10%",150,5.1,0
2027-02-03,2025-09-14,"5.35%",175,5.35,0
2027-02-03,2025-09-14,"5.60%",200,5.6,0
2027-02-03,2025-09-14,"5.85%",225,5.85,0
2027-02-03,2025-09-14,"6.10%",250,6.1,0
2027-02-03,2025-09-15,"0.10%",-300,0.1,0
2027-02-03,2025-09-15,"0.35%",-300,0.35,0
2027-02-03,2025-09-15,"0.60%",-300,0.6,0
2027-02-03,2025-09-15,"0.85%",-275,0.85,0
2027-02-03,2025-09-15,"1.10%",-250,1.1,0
2027-02-03,2025-09-15,"1.35%",-225,1.35,0
2027-02-03,2025-09-15,"1.60%",-200,1.6,0
2027-02-03,2025-09-15,"1.85%",-175,1.85,0.0157923482418139
2027-02-03,2025-09-15,"2.10%",-150,2.1,0.0353672601465709
2027-02-03,2025-09-15,"2.35%",-125,2.35,0.0669180721619893
2027-02-03,2025-09-15,"2.60%",-100,2.6,0.106975379957788
2027-02-03,2025-09-15,"2.85%",-75,2.85,0.144487729528567
2027-02-03,2025-09-15,"3.10%",-50,3.1,0.164888429496986
2027-02-03,2025-09-15,"3.35%",-25,3.35,0.158987821078955
2027-02-03,2025-09-15,"3.60%",0,3.6,0.12952432511669
2027-02-03,2025-09-15,"3.85%",25,3.85,0.0891556653049108
2027-02-03,2025-09-15,"4.10%",50,4.1,0.0518501513375633
2027-02-03,2025-09-15,"4.35%",75,4.35,0.0254768104082457
2027-02-03,2025-09-15,"4.60%",100,4.6,0.0105760072199208
2027-02-03,2025-09-15,"4.85%",125,4.85,0
2027-02-03,2025-09-15,"5.10%",150,5.1,0
2027-02-03,2025-09-15,"5.35%",175,5.35,0
2027-02-03,2025-09-15,"5.60%",200,5.6,0
2027-02-03,2025-09-15,"5.85%",225,5.85,0
2027-02-03,2025-09-15,"6.10%",250,6.1,0
2027-02-03,2025-09-16,"0.10%",-300,0.1,0
2027-02-03,2025-09-16,"0.35%",-300,0.35,0
2027-02-03,2025-09-16,"0.60%",-300,0.6,0
2027-02-03,2025-09-16,"0.85%",-275,0.85,0
2027-02-03,2025-09-16,"1.10%",-250,1.1,0
2027-02-03,2025-09-16,"1.35%",-225,1.35,0
2027-02-03,2025-09-16,"1.60%",-200,1.6,0
2027-02-03,2025-09-16,"1.85%",-175,1.85,0.0178442544005948
2027-02-03,2025-09-16,"2.10%",-150,2.1,0.0390519901607202
2027-02-03,2025-09-16,"2.35%",-125,2.35,0.0722502445669485
2027-02-03,2025-09-16,"2.60%",-100,2.6,0.113004955135403
2027-02-03,2025-09-16,"2.85%",-75,2.85,0.149425771979327
2027-02-03,2025-09-16,"3.10%",-50,3.1,0.167043018642981
2027-02-03,2025-09-16,"3.35%",-25,3.35,0.157873026437875
2027-02-03,2025-09-16,"3.60%",0,3.6,0.126143047115265
2027-02-03,2025-09-16,"3.85%",25,3.85,0.0852099868682778
2027-02-03,2025-09-16,"4.10%",50,4.1,0.0486611731813554
2027-02-03,2025-09-16,"4.35%",75,4.35,0.0234925315112522
2027-02-03,2025-09-16,"4.60%",100,4.6,0
2027-02-03,2025-09-16,"4.85%",125,4.85,0
2027-02-03,2025-09-16,"5.10%",150,5.1,0
2027-02-03,2025-09-16,"5.35%",175,5.35,0
2027-02-03,2025-09-16,"5.60%",200,5.6,0
2027-02-03,2025-09-16,"5.85%",225,5.85,0
2027-02-03,2025-09-16,"6.10%",250,6.1,0
2027-02-03,2025-09-17,"0.10%",-300,0.1,0
2027-02-03,2025-09-17,"0.35%",-300,0.35,0
2027-02-03,2025-09-17,"0.60%",-300,0.6,0
2027-02-03,2025-09-17,"0.85%",-275,0.85,0
2027-02-03,2025-09-17,"1.10%",-250,1.1,0
2027-02-03,2025-09-17,"1.35%",-225,1.35,0
2027-02-03,2025-09-17,"1.60%",-200,1.6,0
2027-02-03,2025-09-17,"1.85%",-175,1.85,0.0189425509976232
2027-02-03,2025-09-17,"2.10%",-150,2.1,0.0419513669116953
2027-02-03,2025-09-17,"2.35%",-125,2.35,0.077809297961189
2027-02-03,2025-09-17,"2.60%",-100,2.6,0.120866846878054
2027-02-03,2025-09-17,"2.85%",-75,2.85,0.157246979588707
2027-02-03,2025-09-17,"3.10%",-50,3.1,0.171341416556202
2027-02-03,2025-09-17,"3.35%",-25,3.35,0.156368445040851
2027-02-03,2025-09-17,"3.60%",0,3.6,0.119520027820792
2027-02-03,2025-09-17,"3.85%",25,3.85,0.0765123329750758
2027-02-03,2025-09-17,"4.10%",50,4.1,0.0410215600792296
2027-02-03,2025-09-17,"4.35%",75,4.35,0.0184191751905817
2027-02-03,2025-09-17,"4.60%",100,4.6,0
2027-02-03,2025-09-17,"4.85%",125,4.85,0
2027-02-03,2025-09-17,"5.10%",150,5.1,0
2027-02-03,2025-09-17,"5.35%",175,5.35,0
2027-02-03,2025-09-17,"5.60%",200,5.6,0
2027-02-03,2025-09-17,"5.85%",225,5.85,0
2027-02-03,2025-09-17,"6.10%",250,6.1,0
2027-02-03,2025-09-18,"0.10%",-300,0.1,0
2027-02-03,2025-09-18,"0.35%",-300,0.35,0
2027-02-03,2025-09-18,"0.60%",-300,0.6,0
2027-02-03,2025-09-18,"0.85%",-275,0.85,0
2027-02-03,2025-09-18,"1.10%",-250,1.1,0
2027-02-03,2025-09-18,"1.35%",-225,1.35,0
2027-02-03,2025-09-18,"1.60%",-200,1.6,0
2027-02-03,2025-09-18,"1.85%",-175,1.85,0.0180641808314201
2027-02-03,2025-09-18,"2.10%",-150,2.1,0.0393082907306098
2027-02-03,2025-09-18,"2.35%",-125,2.35,0.0724042779787819
2027-02-03,2025-09-18,"2.60%",-100,2.6,0.112893461136253
2027-02-03,2025-09-18,"2.85%",-75,2.85,0.149006580562051
2027-02-03,2025-09-18,"3.10%",-50,3.1,0.166486493982298
2027-02-03,2025-09-18,"3.35%",-25,3.35,0.157467667100919
2027-02-03,2025-09-18,"3.60%",0,3.6,0.126078675298616
2027-02-03,2025-09-18,"3.85%",25,3.85,0.0854527189929964
2027-02-03,2025-09-18,"4.10%",50,4.1,0.0490272411099129
2027-02-03,2025-09-18,"4.35%",75,4.35,0.0238104122761425
2027-02-03,2025-09-18,"4.60%",100,4.6,0
2027-02-03,2025-09-18,"4.85%",125,4.85,0
2027-02-03,2025-09-18,"5.10%",150,5.1,0
2027-02-03,2025-09-18,"5.35%",175,5.35,0
2027-02-03,2025-09-18,"5.60%",200,5.6,0
2027-02-03,2025-09-18,"5.85%",225,5.85,0
2027-02-03,2025-09-18,"6.10%",250,6.1,0
2027-02-03,2025-09-21,"0.10%",-300,0.1,0
2027-02-03,2025-09-21,"0.35%",-300,0.35,0
2027-02-03,2025-09-21,"0.60%",-300,0.6,0
2027-02-03,2025-09-21,"0.85%",-275,0.85,0
2027-02-03,2025-09-21,"1.10%",-250,1.1,0
2027-02-03,2025-09-21,"1.35%",-225,1.35,0
2027-02-03,2025-09-21,"1.60%",-200,1.6,0
2027-02-03,2025-09-21,"1.85%",-175,1.85,0.0174861232493593
2027-02-03,2025-09-21,"2.10%",-150,2.1,0.0379586347366783
2027-02-03,2025-09-21,"2.35%",-125,2.35,0.0699294132928645
2027-02-03,2025-09-21,"2.60%",-100,2.6,0.109333003106707
2027-02-03,2025-09-21,"2.85%",-75,2.85,0.145074826623154
2027-02-03,2025-09-21,"3.10%",-50,3.1,0.163375487809909
2027-02-03,2025-09-21,"3.35%",-25,3.35,0.156148478887469
2027-02-03,2025-09-21,"3.60%",0,3.6,0.126661285470569
2027-02-03,2025-09-21,"3.85%",25,3.85,0.0871970588352535
2027-02-03,2025-09-21,"4.10%",50,4.1,0.0509454574818904
2027-02-03,2025-09-21,"4.35%",75,4.35,0.0252607399506287
2027-02-03,2025-09-21,"4.60%",100,4.6,0.0106294905555182
2027-02-03,2025-09-21,"4.85%",125,4.85,0
2027-02-03,2025-09-21,"5.10%",150,5.1,0
2027-02-03,2025-09-21,"5.35%",175,5.35,0
2027-02-03,2025-09-21,"5.60%",200,5.6,0
2027-02-03,2025-09-21,"5.85%",225,5.85,0
2027-02-03,2025-09-21,"6.10%",250,6.1,0
2027-02-03,2025-09-22,"0.10%",-300,0.1,0
2027-02-03,2025-09-22,"0.35%",-300,0.35,0
2027-02-03,2025-09-22,"0.60%",-300,0.6,0
2027-02-03,2025-09-22,"0.85%",-275,0.85,0
2027-02-03,2025-09-22,"1.10%",-250,1.1,0
2027-02-03,2025-09-22,"1.35%",-225,1.35,0
2027-02-03,2025-09-22,"1.60%",-200,1.6,0
2027-02-03,2025-09-22,"1.85%",-175,1.85,0.0178912110329991
2027-02-03,2025-09-22,"2.10%",-150,2.1,0.0382994631821498
2027-02-03,2025-09-22,"2.35%",-125,2.35,0.0698314337541311
2027-02-03,2025-09-22,"2.60%",-100,2.6,0.108448513536328
2027-02-03,2025-09-22,"2.85%",-75,2.85,0.143455545827174
2027-02-03,2025-09-22,"3.10%",-50,3.1,0.161635401353756
2027-02-03,2025-09-22,"3.35%",-25,3.35,0.155125388879357
2027-02-03,2025-09-22,"3.60%",0,3.6,0.126810699037904
2027-02-03,2025-09-22,"3.85%",25,3.85,0.0882983138906707
2027-02-03,2025-09-22,"4.10%",50,4.1,0.0523681063855894
2027-02-03,2025-09-22,"4.35%",75,4.35,0.0264540000199421
2027-02-03,2025-09-22,"4.60%",100,4.6,0.0113819230999988
2027-02-03,2025-09-22,"4.85%",125,4.85,0
2027-02-03,2025-09-22,"5.10%",150,5.1,0
2027-02-03,2025-09-22,"5.35%",175,5.35,0
2027-02-03,2025-09-22,"5.60%",200,5.6,0
2027-02-03,2025-09-22,"5.85%",225,5.85,0
2027-02-03,2025-09-22,"6.10%",250,6.1,0
2027-02-03,2025-09-23,"0.10%",-300,0.1,0
2027-02-03,2025-09-23,"0.35%",-300,0.35,0
2027-02-03,2025-09-23,"0.60%",-300,0.6,0
2027-02-03,2025-09-23,"0.85%",-275,0.85,0
2027-02-03,2025-09-23,"1.10%",-250,1.1,0
2027-02-03,2025-09-23,"1.35%",-225,1.35,0
2027-02-03,2025-09-23,"1.60%",-200,1.6,0
2027-02-03,2025-09-23,"1.85%",-175,1.85,0.0141638579182591
2027-02-03,2025-09-23,"2.10%",-150,2.1,0.0313572118275151
2027-02-03,2025-09-23,"2.35%",-125,2.35,0.0593358914039559
2027-02-03,2025-09-23,"2.60%",-100,2.6,0.0959689202569758
2027-02-03,2025-09-23,"2.85%",-75,2.85,0.132673350653421
2027-02-03,2025-09-23,"3.10%",-50,3.1,0.156776655466038
2027-02-03,2025-09-23,"3.35%",-25,3.35,0.158352935457881
2027-02-03,2025-09-23,"3.60%",0,3.6,0.136715580819637
2027-02-03,2025-09-23,"3.85%",25,3.85,0.100891585752944
2027-02-03,2025-09-23,"4.10%",50,4.1,0.0636403489869008
2027-02-03,2025-09-23,"4.35%",75,4.35,0.034311859507166
2027-02-03,2025-09-23,"4.60%",100,4.6,0.0158118019493061
2027-02-03,2025-09-23,"4.85%",125,4.85,0
2027-02-03,2025-09-23,"5.10%",150,5.1,0
2027-02-03,2025-09-23,"5.35%",175,5.35,0
2027-02-03,2025-09-23,"5.60%",200,5.6,0
2027-02-03,2025-09-23,"5.85%",225,5.85,0
2027-02-03,2025-09-23,"6.10%",250,6.1,0
2027-02-03,2025-09-24,"0.10%",-300,0.1,0
2027-02-03,2025-09-24,"0.35%",-300,0.35,0
2027-02-03,2025-09-24,"0.60%",-300,0.6,0
2027-02-03,2025-09-24,"0.85%",-275,0.85,0
2027-02-03,2025-09-24,"1.10%",-250,1.1,0
2027-02-03,2025-09-24,"1.35%",-225,1.35,0
2027-02-03,2025-09-24,"1.60%",-200,1.6,0
2027-02-03,2025-09-24,"1.85%",-175,1.85,0
2027-02-03,2025-09-24,"2.10%",-150,2.1,0.0201983820084092
2027-02-03,2025-09-24,"2.35%",-125,2.35,0.0459223013400327
2027-02-03,2025-09-24,"2.60%",-100,2.6,0.086031017542719
2027-02-03,2025-09-24,"2.85%",-75,2.85,0.132808998671487
2027-02-03,2025-09-24,"3.10%",-50,3.1,0.168947861017235
2027-02-03,2025-09-24,"3.35%",-25,3.35,0.177107606694036
2027-02-03,2025-09-24,"3.60%",0,3.6,0.152996799248836
2027-02-03,2025-09-24,"3.85%",25,3.85,0.10891409443091
2027-02-03,2025-09-24,"4.10%",50,4.1,0.0638900460181108
2027-02-03,2025-09-24,"4.35%",75,4.35,0.0308827097959366
2027-02-03,2025-09-24,"4.60%",100,4.6,0.0123001832322875
2027-02-03,2025-09-24,"4.85%",125,4.85,0
2027-02-03,2025-09-24,"5.10%",150,5.1,0
2027-02-03,2025-09-24,"5.35%",175,5.35,0
2027-02-03,2025-09-24,"5.60%",200,5.6,0
2027-02-03,2025-09-24,"5.85%",225,5.85,0
2027-02-03,2025-09-24,"6.10%",250,6.1,0
2027-02-03,2025-09-25,"0.10%",-300,0.1,0
2027-02-03,2025-09-25,"0.35%",-300,0.35,0
2027-02-03,2025-09-25,"0.60%",-300,0.6,0
2027-02-03,2025-09-25,"0.85%",-275,0.85,0
2027-02-03,2025-09-25,"1.10%",-250,1.1,0
2027-02-03,2025-09-25,"1.35%",-225,1.35,0
2027-02-03,2025-09-25,"1.60%",-200,1.6,0
2027-02-03,2025-09-25,"1.85%",-175,1.85,0
2027-02-03,2025-09-25,"2.10%",-150,2.1,0.0181369942667553
2027-02-03,2025-09-25,"2.35%",-125,2.35,0.0419198080166096
2027-02-03,2025-09-25,"2.60%",-100,2.6,0.0800296843317416
2027-02-03,2025-09-25,"2.85%",-75,2.85,0.126205205644106
2027-02-03,2025-09-25,"3.10%",-50,3.1,0.164402947372098
2027-02-03,2025-09-25,"3.35%",-25,3.35,0.176911079484076
2027-02-03,2025-09-25,"3.60%",0,3.6,0.157258997499473
2027-02-03,2025-09-25,"3.85%",25,3.85,0.11547498284215
2027-02-03,2025-09-25,"4.10%",50,4.1,0.0700429060986604
2027-02-03,2025-09-25,"4.35%",75,4.35,0.035093875094613
2027-02-03,2025-09-25,"4.60%",100,4.6,0.0145235193497167
2027-02-03,2025-09-25,"4.85%",125,4.85,0
2027-02-03,2025-09-25,"5.10%",150,5.1,0
2027-02-03,2025-09-25,"5.35%",175,5.35,0
2027-02-03,2025-09-25,"5.60%",200,5.6,0
2027-02-03,2025-09-25,"5.85%",225,5.85,0
2027-02-03,2025-09-25,"6.10%",250,6.1,0
2027-02-03,2025-09-28,"0.10%",-300,0.1,0
2027-02-03,2025-09-28,"0.35%",-300,0.35,0
2027-02-03,2025-09-28,"0.60%",-300,0.6,0
2027-02-03,2025-09-28,"0.85%",-275,0.85,0
2027-02-03,2025-09-28,"1.10%",-250,1.1,0
2027-02-03,2025-09-28,"1.35%",-225,1.35,0
2027-02-03,2025-09-28,"1.60%",-200,1.6,0
2027-02-03,2025-09-28,"1.85%",-175,1.85,0
2027-02-03,2025-09-28,"2.10%",-150,2.1,0.013268103430976
2027-02-03,2025-09-28,"2.35%",-125,2.35,0.0366051310324846
2027-02-03,2025-09-28,"2.60%",-100,2.6,0.0795901413372221
2027-02-03,2025-09-28,"2.85%",-75,2.85,0.136395127007231
2027-02-03,2025-09-28,"3.10%",-50,3.1,0.184241636680247
2027-02-03,2025-09-28,"3.35%",-25,3.35,0.196173990027985
2027-02-03,2025-09-28,"3.60%",0,3.6,0.164650483735954
2027-02-03,2025-09-28,"3.85%",25,3.85,0.108929007157596
2027-02-03,2025-09-28,"4.10%",50,4.1,0.0568017944714137
2027-02-03,2025-09-28,"4.35%",75,4.35,0.0233445851188906
2027-02-03,2025-09-28,"4.60%",100,4.6,0
2027-02-03,2025-09-28,"4.85%",125,4.85,0
2027-02-03,2025-09-28,"5.10%",150,5.1,0
2027-02-03,2025-09-28,"5.35%",175,5.35,0
2027-02-03,2025-09-28,"5.60%",200,5.6,0
2027-02-03,2025-09-28,"5.85%",225,5.85,0
2027-02-03,2025-09-28,"6.10%",250,6.1,0
2027-02-03,2025-09-29,"0.10%",-300,0.1,0
2027-02-03,2025-09-29,"0.35%",-300,0.35,0
2027-02-03,2025-09-29,"0.60%",-300,0.6,0
2027-02-03,2025-09-29,"0.85%",-275,0.85,0
2027-02-03,2025-09-29,"1.10%",-250,1.1,0
2027-02-03,2025-09-29,"1.35%",-225,1.35,0
2027-02-03,2025-09-29,"1.60%",-200,1.6,0
2027-02-03,2025-09-29,"1.85%",-175,1.85,0
2027-02-03,2025-09-29,"2.10%",-150,2.1,0
2027-02-03,2025-09-29,"2.35%",-125,2.35,0.0299507771400017
2027-02-03,2025-09-29,"2.60%",-100,2.6,0.0698597487548015
2027-02-03,2025-09-29,"2.85%",-75,2.85,0.127410584269642
2027-02-03,2025-09-29,"3.10%",-50,3.1,0.181709136417895
2027-02-03,2025-09-29,"3.35%",-25,3.35,0.202656614832447
2027-02-03,2025-09-29,"3.60%",0,3.6,0.176751768637151
2027-02-03,2025-09-29,"3.85%",25,3.85,0.120552979006159
2027-02-03,2025-09-29,"4.10%",50,4.1,0.0642956815283319
2027-02-03,2025-09-29,"4.35%",75,4.35,0.0268127094135709
2027-02-03,2025-09-29,"4.60%",100,4.6,0
2027-02-03,2025-09-29,"4.85%",125,4.85,0
2027-02-03,2025-09-29,"5.10%",150,5.1,0
2027-02-03,2025-09-29,"5.35%",175,5.35,0
2027-02-03,2025-09-29,"5.60%",200,5.6,0
2027-02-03,2025-09-29,"5.85%",225,5.85,0
2027-02-03,2025-09-29,"6.10%",250,6.1,0
2027-02-03,2025-09-30,"0.10%",-300,0.1,0
2027-02-03,2025-09-30,"0.35%",-300,0.35,0
2027-02-03,2025-09-30,"0.60%",-300,0.6,0
2027-02-03,2025-09-30,"0.85%",-275,0.85,0
2027-02-03,2025-09-30,"1.10%",-250,1.1,0
2027-02-03,2025-09-30,"1.35%",-225,1.35,0
2027-02-03,2025-09-30,"1.60%",-200,1.6,0
2027-02-03,2025-09-30,"1.85%",-175,1.85,0
2027-02-03,2025-09-30,"2.10%",-150,2.1,0
2027-02-03,2025-09-30,"2.35%",-125,2.35,0.0284722478437233
2027-02-03,2025-09-30,"2.60%",-100,2.6,0.0683490529550909
2027-02-03,2025-09-30,"2.85%",-75,2.85,0.127224495277728
2027-02-03,2025-09-30,"3.10%",-50,3.1,0.183643009121022
2027-02-03,2025-09-30,"3.35%",-25,3.35,0.20557313845813
2027-02-03,2025-09-30,"3.60%",0,3.6,0.178465278736332
2027-02-03,2025-09-30,"3.85%",25,3.85,0.120151061017971
2027-02-03,2025-09-30,"4.10%",50,4.1,0.0627282801937754
2027-02-03,2025-09-30,"4.35%",75,4.35,0.0253934363962273
2027-02-03,2025-09-30,"4.60%",100,4.6,0
2027-02-03,2025-09-30,"4.85%",125,4.85,0
2027-02-03,2025-09-30,"5.10%",150,5.1,0
2027-02-03,2025-09-30,"5.35%",175,5.35,0
2027-02-03,2025-09-30,"5.60%",200,5.6,0
2027-02-03,2025-09-30,"5.85%",225,5.85,0
2027-02-03,2025-09-30,"6.10%",250,6.1,0
2027-02-03,2025-10-01,"0.10%",-300,0.1,0
2027-02-03,2025-10-01,"0.35%",-300,0.35,0
2027-02-03,2025-10-01,"0.60%",-300,0.6,0
2027-02-03,2025-10-01,"0.85%",-275,0.85,0
2027-02-03,2025-10-01,"1.10%",-250,1.1,0
2027-02-03,2025-10-01,"1.35%",-225,1.35,0
2027-02-03,2025-10-01,"1.60%",-200,1.6,0
2027-02-03,2025-10-01,"1.85%",-175,1.85,0
2027-02-03,2025-10-01,"2.10%",-150,2.1,0.0116197948740908
2027-02-03,2025-10-01,"2.35%",-125,2.35,0.0336334948132594
2027-02-03,2025-10-01,"2.60%",-100,2.6,0.0760462078854404
2027-02-03,2025-10-01,"2.85%",-75,2.85,0.134325862048393
2027-02-03,2025-10-01,"3.10%",-50,3.1,0.185374546511265
2027-02-03,2025-10-01,"3.35%",-25,3.35,0.199879076624977
2027-02-03,2025-10-01,"3.60%",0,3.6,0.168389755869086
2027-02-03,2025-10-01,"3.85%",25,3.85,0.11083712713643
2027-02-03,2025-10-01,"4.10%",50,4.1,0.0569970518134508
2027-02-03,2025-10-01,"4.35%",75,4.35,0.0228970824236078
2027-02-03,2025-10-01,"4.60%",100,4.6,0
2027-02-03,2025-10-01,"4.85%",125,4.85,0
2027-02-03,2025-10-01,"5.10%",150,5.1,0
2027-02-03,2025-10-01,"5.35%",175,5.35,0
2027-02-03,2025-10-01,"5.60%",200,5.6,0
2027-02-03,2025-10-01,"5.85%",225,5.85,0
2027-02-03,2025-10-01,"6.10%",250,6.1,0
2027-02-03,2025-10-02,"0.10%",-300,0.1,0
2027-02-03,2025-10-02,"0.35%",-300,0.35,0
2027-02-03,2025-10-02,"0.60%",-300,0.6,0
2027-02-03,2025-10-02,"0.85%",-275,0.85,0
2027-02-03,2025-10-02,"1.10%",-250,1.1,0
2027-02-03,2025-10-02,"1.35%",-225,1.35,0
2027-02-03,2025-10-02,"1.60%",-200,1.6,0
2027-02-03,2025-10-02,"1.85%",-175,1.85,0
2027-02-03,2025-10-02,"2.10%",-150,2.1,0.0177850390212966
2027-02-03,2025-10-02,"2.35%",-125,2.35,0.0422920348171104
2027-02-03,2025-10-02,"2.60%",-100,2.6,0.082228805934561
2027-02-03,2025-10-02,"2.85%",-75,2.85,0.130728671942779
2027-02-03,2025-10-02,"3.10%",-50,3.1,0.169946901739834
2027-02-03,2025-10-02,"3.35%",-25,3.35,0.180658853482225
2027-02-03,2025-10-02,"3.60%",0,3.6,0.157040160919152
2027-02-03,2025-10-02,"3.85%",25,3.85,0.11162548940652
2027-02-03,2025-10-02,"4.10%",50,4.1,0.0648793869675134
2027-02-03,2025-10-02,"4.35%",75,4.35,0.0308336153037916
2027-02-03,2025-10-02,"4.60%",100,4.6,0.011981040465217
2027-02-03,2025-10-02,"4.85%",125,4.85,0
2027-02-03,2025-10-02,"5.10%",150,5.1,0
2027-02-03,2025-10-02,"5.35%",175,5.35,0
2027-02-03,2025-10-02,"5.60%",200,5.6,0
2027-02-03,2025-10-02,"5.85%",225,5.85,0
2027-02-03,2025-10-02,"6.10%",250,6.1,0
2027-02-03,2025-10-05,"0.10%",-300,0.1,0
2027-02-03,2025-10-05,"0.35%",-300,0.35,0
2027-02-03,2025-10-05,"0.60%",-300,0.6,0
2027-02-03,2025-10-05,"0.85%",-275,0.85,0
2027-02-03,2025-10-05,"1.10%",-250,1.1,0
2027-02-03,2025-10-05,"1.35%",-225,1.35,0
2027-02-03,2025-10-05,"1.60%",-200,1.6,0
2027-02-03,2025-10-05,"1.85%",-175,1.85,0
2027-02-03,2025-10-05,"2.10%",-150,2.1,0.0190255969747413
2027-02-03,2025-10-05,"2.35%",-125,2.35,0.0438453177208776
2027-02-03,2025-10-05,"2.60%",-100,2.6,0.0832219084370862
2027-02-03,2025-10-05,"2.85%",-75,2.85,0.130106429497493
2027-02-03,2025-10-05,"3.10%",-50,3.1,0.167540044291966
2027-02-03,2025-10-05,"3.35%",-25,3.35,0.177706870429332
2027-02-03,2025-10-05,"3.60%",0,3.6,0.155259135334066
2027-02-03,2025-10-05,"3.85%",25,3.85,0.111731012983673
2027-02-03,2025-10-05,"4.10%",50,4.1,0.0662285020876013
2027-02-03,2025-10-05,"4.35%",75,4.35,0.0323337910393584
2027-02-03,2025-10-05,"4.60%",100,4.6,0.0130013912038044
2027-02-03,2025-10-05,"4.85%",125,4.85,0
2027-02-03,2025-10-05,"5.10%",150,5.1,0
2027-02-03,2025-10-05,"5.35%",175,5.35,0
2027-02-03,2025-10-05,"5.60%",200,5.6,0
2027-02-03,2025-10-05,"5.85%",225,5.85,0
2027-02-03,2025-10-05,"6.10%",250,6.1,0
2027-02-03,2025-10-06,"0.10%",-300,0.1,0
2027-02-03,2025-10-06,"0.35%",-300,0.35,0
2027-02-03,2025-10-06,"0.60%",-300,0.6,0
2027-02-03,2025-10-06,"0.85%",-275,0.85,0
2027-02-03,2025-10-06,"1.10%",-250,1.1,0
2027-02-03,2025-10-06,"1.35%",-225,1.35,0
2027-02-03,2025-10-06,"1.60%",-200,1.6,0
2027-02-03,2025-10-06,"1.85%",-175,1.85,0
2027-02-03,2025-10-06,"2.10%",-150,2.1,0.0163003598507128
2027-02-03,2025-10-06,"2.35%",-125,2.35,0.0395462145707237
2027-02-03,2025-10-06,"2.60%",-100,2.6,0.0783776129191292
2027-02-03,2025-10-06,"2.85%",-75,2.85,0.126905122247322
2027-02-03,2025-10-06,"3.10%",-50,3.1,0.167873088012877
2027-02-03,2025-10-06,"3.35%",-25,3.35,0.181428920461647
2027-02-03,2025-10-06,"3.60%",0,3.6,0.160198296139785
2027-02-03,2025-10-06,"3.85%",25,3.85,0.115566328843394
2027-02-03,2025-10-06,"4.10%",50,4.1,0.0681109059705273
2027-02-03,2025-10-06,"4.35%",75,4.35,0.0327942522557477
2027-02-03,2025-10-06,"4.60%",100,4.6,0.0128988987281348
2027-02-03,2025-10-06,"4.85%",125,4.85,0
2027-02-03,2025-10-06,"5.10%",150,5.1,0
2027-02-03,2025-10-06,"5.35%",175,5.35,0
2027-02-03,2025-10-06,"5.60%",200,5.6,0
2027-02-03,2025-10-06,"5.85%",225,5.85,0
2027-02-03,2025-10-06,"6.10%",250,6.1,0
2027-02-03,2025-10-07,"0.10%",-300,0.1,0
2027-02-03,2025-10-07,"0.35%",-300,0.35,0
2027-02-03,2025-10-07,"0.60%",-300,0.6,0
2027-02-03,2025-10-07,"0.85%",-275,0.85,0
2027-02-03,2025-10-07,"1.10%",-250,1.1,0
2027-02-03,2025-10-07,"1.35%",-225,1.35,0
2027-02-03,2025-10-07,"1.60%",-200,1.6,0
2027-02-03,2025-10-07,"1.85%",-175,1.85,0
2027-02-03,2025-10-07,"2.10%",-150,2.1,0.0149886590756052
2027-02-03,2025-10-07,"2.35%",-125,2.35,0.0377716200124913
2027-02-03,2025-10-07,"2.60%",-100,2.6,0.0770852315196436
2027-02-03,2025-10-07,"2.85%",-75,2.85,0.127410096592854
2027-02-03,2025-10-07,"3.10%",-50,3.1,0.170561543737206
2027-02-03,2025-10-07,"3.35%",-25,3.35,0.184932527828677
2027-02-03,2025-10-07,"3.60%",0,3.6,0.162406454394586
2027-02-03,2025-10-07,"3.85%",25,3.85,0.115517143372452
2027-02-03,2025-10-07,"4.10%",50,4.1,0.0665473500729768
2027-02-03,2025-10-07,"4.35%",75,4.35,0.0310482495045538
2027-02-03,2025-10-07,"4.60%",100,4.6,0.0117311238889544
2027-02-03,2025-10-07,"4.85%",125,4.85,0
2027-02-03,2025-10-07,"5.10%",150,5.1,0
2027-02-03,2025-10-07,"5.35%",175,5.35,0
2027-02-03,2025-10-07,"5.60%",200,5.6,0
2027-02-03,2025-10-07,"5.85%",225,5.85,0
2027-02-03,2025-10-07,"6.10%",250,6.1,0
2027-02-03,2025-10-08,"0.10%",-300,0.1,0
2027-02-03,2025-10-08,"0.35%",-300,0.35,0
2027-02-03,2025-10-08,"0.60%",-300,0.6,0
2027-02-03,2025-10-08,"0.85%",-275,0.85,0
2027-02-03,2025-10-08,"1.10%",-250,1.1,0
2027-02-03,2025-10-08,"1.35%",-225,1.35,0
2027-02-03,2025-10-08,"1.60%",-200,1.6,0
2027-02-03,2025-10-08,"1.85%",-175,1.85,0
2027-02-03,2025-10-08,"2.10%",-150,2.1,0.0142719374507652
2027-02-03,2025-10-08,"2.35%",-125,2.35,0.0363888261694435
2027-02-03,2025-10-08,"2.60%",-100,2.6,0.0750831522568551
2027-02-03,2025-10-08,"2.85%",-75,2.85,0.125380859858476
2027-02-03,2025-10-08,"3.10%",-50,3.1,0.169454196421776
2027-02-03,2025-10-08,"3.35%",-25,3.35,0.18536020418131
2027-02-03,2025-10-08,"3.60%",0,3.6,0.164106952015717
2027-02-03,2025-10-08,"3.85%",25,3.85,0.117592438535399
2027-02-03,2025-10-08,"4.10%",50,4.1,0.0681964672611278
2027-02-03,2025-10-08,"4.35%",75,4.35,0.0320077616236143
2027-02-03,2025-10-08,"4.60%",100,4.6,0.0121572042255172
2027-02-03,2025-10-08,"4.85%",125,4.85,0
2027-02-03,2025-10-08,"5.10%",150,5.1,0
2027-02-03,2025-10-08,"5.35%",175,5.35,0
2027-02-03,2025-10-08,"5.60%",200,5.6,0
2027-02-03,2025-10-08,"5.85%",225,5.85,0
2027-02-03,2025-10-08,"6.10%",250,6.1,0
2027-02-03,2025-10-09,"0.10%",-300,0.1,0
2027-02-03,2025-10-09,"0.35%",-300,0.35,0
2027-02-03,2025-10-09,"0.60%",-300,0.6,0
2027-02-03,2025-10-09,"0.85%",-275,0.85,0
2027-02-03,2025-10-09,"1.10%",-250,1.1,0
2027-02-03,2025-10-09,"1.35%",-225,1.35,0
2027-02-03,2025-10-09,"1.60%",-200,1.6,0
2027-02-03,2025-10-09,"1.85%",-175,1.85,0
2027-02-03,2025-10-09,"2.10%",-150,2.1,0.0119549383651595
2027-02-03,2025-10-09,"2.35%",-125,2.35,0.0321314964515966
2027-02-03,2025-10-09,"2.60%",-100,2.6,0.0693945052950957
2027-02-03,2025-10-09,"2.85%",-75,2.85,0.120436714200978
2027-02-03,2025-10-09,"3.10%",-50,3.1,0.16797852618611
2027-02-03,2025-10-09,"3.35%",-25,3.35,0.188288063530272
2027-02-03,2025-10-09,"3.60%",0,3.6,0.169617436620613
2027-02-03,2025-10-09,"3.85%",25,3.85,0.122798409309537
2027-02-03,2025-10-09,"4.10%",50,4.1,0.0714458160156335
2027-02-03,2025-10-09,"4.35%",75,4.35,0.0334042451343758
2027-02-03,2025-10-09,"4.60%",100,4.6,0.0125498488906292
2027-02-03,2025-10-09,"4.85%",125,4.85,0
2027-02-03,2025-10-09,"5.10%",150,5.1,0
2027-02-03,2025-10-09,"5.35%",175,5.35,0
2027-02-03,2025-10-09,"5.60%",200,5.6,0
2027-02-03,2025-10-09,"5.85%",225,5.85,0
2027-02-03,2025-10-09,"6.10%",250,6.1,0
2027-02-03,2025-10-10,"0.10%",-300,0.1,0
2027-02-03,2025-10-10,"0.35%",-300,0.35,0
2027-02-03,2025-10-10,"0.60%",-300,0.6,0
2027-02-03,2025-10-10,"0.85%",-275,0.85,0
2027-02-03,2025-10-10,"1.10%",-250,1.1,0
2027-02-03,2025-10-10,"1.35%",-225,1.35,0
2027-02-03,2025-10-10,"1.60%",-200,1.6,0
2027-02-03,2025-10-10,"1.85%",-175,1.85,0
2027-02-03,2025-10-10,"2.10%",-150,2.1,0.0122606660881743
2027-02-03,2025-10-10,"2.35%",-125,2.35,0.0325960447515714
2027-02-03,2025-10-10,"2.60%",-100,2.6,0.06980307138696
2027-02-03,2025-10-10,"2.85%",-75,2.85,0.120412301735817
2027-02-03,2025-10-10,"3.10%",-50,3.1,0.167330199350375
2027-02-03,2025-10-10,"3.35%",-25,3.35,0.187325746435664
2027-02-03,2025-10-10,"3.60%",0,3.6,0.168944718578418
2027-02-03,2025-10-10,"3.85%",25,3.85,0.12274726059932
2027-02-03,2025-10-10,"4.10%",50,4.1,0.0718433986566384
2027-02-03,2025-10-10,"4.35%",75,4.35,0.0338726909077785
2027-02-03,2025-10-10,"4.60%",100,4.6,0.0128639015092842
2027-02-03,2025-10-10,"4.85%",125,4.85,0
2027-02-03,2025-10-10,"5.10%",150,5.1,0
2027-02-03,2025-10-10,"5.35%",175,5.35,0
2027-02-03,2025-10-10,"5.60%",200,5.6,0
2027-02-03,2025-10-10,"5.85%",225,5.85,0
2027-02-03,2025-10-10,"6.10%",250,6.1,0
2027-02-03,2025-10-11,"0.10%",-300,0.1,0
2027-02-03,2025-10-11,"0.35%",-300,0.35,0
2027-02-03,2025-10-11,"0.60%",-300,0.6,0
2027-02-03,2025-10-11,"0.85%",-275,0.85,0
2027-02-03,2025-10-11,"1.10%",-250,1.1,0
2027-02-03,2025-10-11,"1.35%",-225,1.35,0
2027-02-03,2025-10-11,"1.60%",-200,1.6,0
2027-02-03,2025-10-11,"1.85%",-175,1.85,0
2027-02-03,2025-10-11,"2.10%",-150,2.1,0.0107335095249
2027-02-03,2025-10-11,"2.35%",-125,2.35,0.0302159609748316
2027-02-03,2025-10-11,"2.60%",-100,2.6,0.0676529190257023
2027-02-03,2025-10-11,"2.85%",-75,2.85,0.120483358911389
2027-02-03,2025-10-11,"3.10%",-50,3.1,0.1706803987434
2027-02-03,2025-10-11,"3.35%",-25,3.35,0.192341074717019
2027-02-03,2025-10-11,"3.60%",0,3.6,0.17242398819459
2027-02-03,2025-10-11,"3.85%",25,3.85,0.122957664119471
2027-02-03,2025-10-11,"4.10%",50,4.1,0.0697477964336523
2027-02-03,2025-10-11,"4.35%",75,4.35,0.0314700272119673
2027-02-03,2025-10-11,"4.60%",100,4.6,0.0112933021430771
2027-02-03,2025-10-11,"4.85%",125,4.85,0
2027-02-03,2025-10-11,"5.10%",150,5.1,0
2027-02-03,2025-10-11,"5.35%",175,5.35,0
2027-02-03,2025-10-11,"5.60%",200,5.6,0
2027-02-03,2025-10-11,"5.85%",225,5.85,0
2027-02-03,2025-10-11,"6.10%",250,6.1,0
2027-02-03,2025-10-12,"0.10%",-300,0.1,0
2027-02-03,2025-10-12,"0.35%",-300,0.35,0
2027-02-03,2025-10-12,"0.60%",-300,0.6,0
2027-02-03,2025-10-12,"0.85%",-275,0.85,0
2027-02-03,2025-10-12,"1.10%",-250,1.1,0
2027-02-03,2025-10-12,"1.35%",-225,1.35,0
2027-02-03,2025-10-12,"1.60%",-200,1.6,0
2027-02-03,2025-10-12,"1.85%",-175,1.85,0
2027-02-03,2025-10-12,"2.10%",-150,2.1,0.0145069563742966
2027-02-03,2025-10-12,"2.35%",-125,2.35,0.0384545005446276
2027-02-03,2025-10-12,"2.60%",-100,2.6,0.0810859425336642
2027-02-03,2025-10-12,"2.85%",-75,2.85,0.136020385656463
2027-02-03,2025-10-12,"3.10%",-50,3.1,0.18152880509889
2027-02-03,2025-10-12,"3.35%",-25,3.35,0.19274507021653
2027-02-03,2025-10-12,"3.60%",0,3.6,0.162824564251706
2027-02-03,2025-10-12,"3.85%",25,3.85,0.109432875931091
2027-02-03,2025-10-12,"4.10%",50,4.1,0.0585125545908764
2027-02-03,2025-10-12,"4.35%",75,4.35,0.0248883448018559
2027-02-03,2025-10-12,"4.60%",100,4.6,0
2027-02-03,2025-10-12,"4.85%",125,4.85,0
2027-02-03,2025-10-12,"5.10%",150,5.1,0
2027-02-03,2025-10-12,"5.35%",175,5.35,0
2027-02-03,2025-10-12,"5.60%",200,5.6,0
2027-02-03,2025-10-12,"5.85%",225,5.85,0
2027-02-03,2025-10-12,"6.10%",250,6.1,0
2027-02-03,2025-10-13,"0.10%",-300,0.1,0
2027-02-03,2025-10-13,"0.35%",-300,0.35,0
2027-02-03,2025-10-13,"0.60%",-300,0.6,0
2027-02-03,2025-10-13,"0.85%",-275,0.85,0
2027-02-03,2025-10-13,"1.10%",-250,1.1,0
2027-02-03,2025-10-13,"1.35%",-225,1.35,0
2027-02-03,2025-10-13,"1.60%",-200,1.6,0
2027-02-03,2025-10-13,"1.85%",-175,1.85,0
2027-02-03,2025-10-13,"2.10%",-150,2.1,0.0183614916965895
2027-02-03,2025-10-13,"2.35%",-125,2.35,0.0462436138771991
2027-02-03,2025-10-13,"2.60%",-100,2.6,0.0926601742220412
2027-02-03,2025-10-13,"2.85%",-75,2.85,0.147727861555428
2027-02-03,2025-10-13,"3.10%",-50,3.1,0.187404715549886
2027-02-03,2025-10-13,"3.35%",-25,3.35,0.189172584692361
2027-02-03,2025-10-13,"3.60%",0,3.6,0.151948314802137
2027-02-03,2025-10-13,"3.85%",25,3.85,0.097114404951783
2027-02-03,2025-10-13,"4.10%",50,4.1,0.0493857273443235
2027-02-03,2025-10-13,"4.35%",75,4.35,0.0199811113082511
2027-02-03,2025-10-13,"4.60%",100,4.6,0
2027-02-03,2025-10-13,"4.85%",125,4.85,0
2027-02-03,2025-10-13,"5.10%",150,5.1,0
2027-02-03,2025-10-13,"5.35%",175,5.35,0
2027-02-03,2025-10-13,"5.60%",200,5.6,0
2027-02-03,2025-10-13,"5.85%",225,5.85,0
2027-02-03,2025-10-13,"6.10%",250,6.1,0
2027-02-03,2025-10-14,"0.10%",-300,0.1,0
2027-02-03,2025-10-14,"0.35%",-300,0.35,0
2027-02-03,2025-10-14,"0.60%",-300,0.6,0
2027-02-03,2025-10-14,"0.85%",-275,0.85,0
2027-02-03,2025-10-14,"1.10%",-250,1.1,0
2027-02-03,2025-10-14,"1.35%",-225,1.35,0
2027-02-03,2025-10-14,"1.60%",-200,1.6,0
2027-02-03,2025-10-14,"1.85%",-175,1.85,0
2027-02-03,2025-10-14,"2.10%",-150,2.1,0.0165561659131968
2027-02-03,2025-10-14,"2.35%",-125,2.35,0.0426366096296755
2027-02-03,2025-10-14,"2.60%",-100,2.6,0.0873698433515779
2027-02-03,2025-10-14,"2.85%",-75,2.85,0.14247140439243
2027-02-03,2025-10-14,"3.10%",-50,3.1,0.184885515671842
2027-02-03,2025-10-14,"3.35%",-25,3.35,0.190940861546931
2027-02-03,2025-10-14,"3.60%",0,3.6,0.156934032924812
2027-02-03,2025-10-14,"3.85%",25,3.85,0.102647595836444
2027-02-03,2025-10-14,"4.10%",50,4.1,0.0534287258674866
2027-02-03,2025-10-14,"4.35%",75,4.35,0.0221292448656038
2027-02-03,2025-10-14,"4.60%",100,4.6,0
2027-02-03,2025-10-14,"4.85%",125,4.85,0
2027-02-03,2025-10-14,"5.10%",150,5.1,0
2027-02-03,2025-10-14,"5.35%",175,5.35,0
2027-02-03,2025-10-14,"5.60%",200,5.6,0
2027-02-03,2025-10-14,"5.85%",225,5.85,0
2027-02-03,2025-10-14,"6.10%",250,6.1,0
2027-02-03,2025-10-15,"0.10%",-300,0.1,0
2027-02-03,2025-10-15,"0.35%",-300,0.35,0
2027-02-03,2025-10-15,"0.60%",-300,0.6,0
2027-02-03,2025-10-15,"0.85%",-275,0.85,0
2027-02-03,2025-10-15,"1.10%",-250,1.1,0
2027-02-03,2025-10-15,"1.35%",-225,1.35,0
2027-02-03,2025-10-15,"1.60%",-200,1.6,0
2027-02-03,2025-10-15,"1.85%",-175,1.85,0
2027-02-03,2025-10-15,"2.10%",-150,2.1,0.0226474560978245
2027-02-03,2025-10-15,"2.35%",-125,2.35,0.0555533728807822
2027-02-03,2025-10-15,"2.60%",-100,2.6,0.10734885152929
2027-02-03,2025-10-15,"2.85%",-75,2.85,0.163423036397366
2027-02-03,2025-10-15,"3.10%",-50,3.1,0.196010576379499
2027-02-03,2025-10-15,"3.35%",-25,3.35,0.185227508510424
2027-02-03,2025-10-15,"3.60%",0,3.6,0.137907626406678
2027-02-03,2025-10-15,"3.85%",25,3.85,0.0808933332494349
2027-02-03,2025-10-15,"4.10%",50,4.1,0.0373810787984838
2027-02-03,2025-10-15,"4.35%",75,4.35,0.0136071597502193
2027-02-03,2025-10-15,"4.60%",100,4.6,0
2027-02-03,2025-10-15,"4.85%",125,4.85,0
2027-02-03,2025-10-15,"5.10%",150,5.1,0
2027-02-03,2025-10-15,"5.35%",175,5.35,0
2027-02-03,2025-10-15,"5.60%",200,5.6,0
2027-02-03,2025-10-15,"5.85%",225,5.85,0
2027-02-03,2025-10-15,"6.10%",250,6.1,0
2027-02-03,2025-10-16,"0.10%",-300,0.1,0
2027-02-03,2025-10-16,"0.35%",-300,0.35,0
2027-02-03,2025-10-16,"0.60%",-300,0.6,0
2027-02-03,2025-10-16,"0.85%",-275,0.85,0
2027-02-03,2025-10-16,"1.10%",-250,1.1,0
2027-02-03,2025-10-16,"1.35%",-225,1.35,0
2027-02-03,2025-10-16,"1.60%",-200,1.6,0
2027-02-03,2025-10-16,"1.85%",-175,1.85,0
2027-02-03,2025-10-16,"2.10%",-150,2.1,0.0139122575990813
2027-02-03,2025-10-16,"2.35%",-125,2.35,0.043555505953264
2027-02-03,2025-10-16,"2.60%",-100,2.6,0.100870997884159
2027-02-03,2025-10-16,"2.85%",-75,2.85,0.172842771900668
2027-02-03,2025-10-16,"3.10%",-50,3.1,0.21915601079505
2027-02-03,2025-10-16,"3.35%",-25,3.35,0.205635359459624
2027-02-03,2025-10-16,"3.60%",0,3.6,0.142783398938887
2027-02-03,2025-10-16,"3.85%",25,3.85,0.0733592698481883
2027-02-03,2025-10-16,"4.10%",50,4.1,0.0278844276210775
2027-02-03,2025-10-16,"4.35%",75,4.35,0
2027-02-03,2025-10-16,"4.60%",100,4.6,0
2027-02-03,2025-10-16,"4.85%",125,4.85,0
2027-02-03,2025-10-16,"5.10%",150,5.1,0
2027-02-03,2025-10-16,"5.35%",175,5.35,0
2027-02-03,2025-10-16,"5.60%",200,5.6,0
2027-02-03,2025-10-16,"5.85%",225,5.85,0
2027-02-03,2025-10-16,"6.10%",250,6.1,0
